title,Directed by,Screenplay by,Based on,Produced by,Starring,Cinematography,Edited by,Music by,Production company ,Distributed by,Release dates ,Running time ,Country,Language,Budget,Box office
The Shawshank Redemption,Frank Darabont,Frank Darabont,Rita Hayworth and Shawshank Redemption  by  Stephen King,Niki Marvin,"Tim Robbins 
 Morgan Freeman 
 Bob Gunton 
 William Sadler 
 Clancy Brown 
 Gil Bellows 
 James Whitmore",Roger Deakins,Richard Francis-Bruce,Thomas Newman,Castle Rock Entertainment,Columbia Pictures,"September 10, 1994 ( 1994-09-10 )  ( TIFF ) 
 September 23, 1994 ( 1994-09-23 )  (United States)",142 minutes [1],,English,$25 million [2],$73.3 million,,,,,,
The Godfather,Francis Ford Coppola,"Mario Puzo 
 Francis Ford Coppola",The Godfather  by Mario Puzo,Albert S. Ruddy,"Marlon Brando 
 Al Pacino 
 James Caan 
 Richard Castellano 
 Robert Duvall 
 Sterling Hayden 
 John Marley 
 Richard Conte 
 Diane Keaton",Gordon Willis,"William Reynolds 
 Peter Zinner",Nino Rota,,Paramount Pictures,"March 14, 1972 ( 1972-03-14 )  ( Loew's State Theatre ) 
 March 24, 1972 ( 1972-03-24 )  (United States)",175 minutes [1],,English,$6–7.2 million [N 1],$250–291 million [N 2],,,,,,
The Dark Knight,Christopher Nolan,"Jonathan Nolan 
 Christopher Nolan",Characters appearing in comic books published  by  DC Comics,"Emma Thomas 
 Charles Roven 
 Christopher Nolan","Christian Bale 
 Michael Caine 
 Heath Ledger 
 Gary Oldman 
 Aaron Eckhart 
 Maggie Gyllenhaal 
 Morgan Freeman",Wally Pfister,Lee Smith,"Hans Zimmer 
 James Newton Howard",,Warner Bros. Pictures,"July 14, 2008 ( 2008-07-14 )  (New York City) 
 July 18, 2008 ( 2008-07-18 )  (United States) 
 July 25, 2008 ( 2008-07-25 )  (United Kingdom)",152 minutes,"United States 
 United Kingdom [b]",English,$185  million,$1.006  billion [c],,,,,,
The Godfather Part II,Francis Ford Coppola,"Francis Ford Coppola 
 Mario Puzo",The Godfather  by Mario Puzo,Francis Ford Coppola,"Al Pacino 
 Robert Duvall 
 Diane Keaton 
 Robert De Niro 
 Talia Shire 
 Morgana King 
 John Cazale 
 Mariana Hill 
 Lee Strasberg",Gordon Willis,"Peter Zinner 
 Barry Malkin 
 Richard Marks",Nino Rota,,Paramount Pictures,"December 12, 1974 ( 1974-12-12 )  (New York City) 
 December 20, 1974 ( 1974-12-20 )  (United States)",202 minutes [1],,,$13 million [2] [3],$48–93 million [N 1],,,,,,
12 Angry Men,Sidney Lumet,Reginald Rose,Twelve Angry Men  1954 teleplay on  Studio One  by Reginald Rose,"Henry Fonda 
 Reginald Rose","Henry Fonda 
 Lee J. Cobb 
 Ed Begley 
 E.G. Marshall 
 Jack Warden",Boris Kaufman,Carl Lerner,Kenyon Hopkins,Orion-Nova Productions,United Artists,,96 minutes,,English,"$337,000 [3] [4]",$2 million (rentals) [5],,,,,,
Schindler's List,Steven Spielberg,Steven Zaillian,Schindler's Ark  by  Thomas Keneally,"Steven Spielberg 
 Gerald R. Molen 
 Branko Lustig","Liam Neeson 
 Ben Kingsley 
 Ralph Fiennes 
 Caroline Goodall 
 Jonathan Sagall 
 Embeth Davidtz",Janusz Kamiński,Michael Kahn,John Williams,,Universal Pictures,"November 30, 1993 ( 1993-11-30 )  (Washington, D.C.) 
 December 15, 1993 ( 1993-12-15 )  (United States)",195 minutes [1],,English,$22 million [2],$322.2 million [3],,,,,,
The Lord of the Rings: The Return of the King,Peter Jackson,"Fran Walsh 
 Philippa Boyens 
 Peter Jackson",The Return of the King  by  J. R. R. Tolkien,"Barrie M. Osborne 
 Fran Walsh 
 Peter Jackson","Elijah Wood 
 Ian McKellen 
 Liv Tyler 
 Viggo Mortensen 
 Sean Astin 
 Cate Blanchett 
 John Rhys-Davies 
 Bernard Hill 
 Billy Boyd 
 Dominic Monaghan 
 Orlando Bloom 
 Hugo Weaving 
 Miranda Otto 
 David Wenham 
 Karl Urban 
 John Noble 
 Andy Serkis 
 Ian Holm 
 Sean Bean",Andrew Lesnie,Jamie Selkirk,Howard Shore,,New Line Cinema [1],"1 December 2003 ( 2003-12-01 )  ( Embassy Theatre ) 
 17 December 2003 ( 2003-12-17 )  (United States) 
 18 December 2003 ( 2003-12-18 )  (New Zealand)",201 minutes [2],"New Zealand [1] 
 Germany [3] 
 United States [1]",English,$94 million [4],$1.147 billion [4],,,,,,
Pulp Fiction,Quentin Tarantino,,,Lawrence Bender,"John Travolta 
 Samuel L. Jackson 
 Uma Thurman 
 Harvey Keitel 
 Tim Roth 
 Amanda Plummer 
 Maria de Medeiros 
 Ving Rhames 
 Eric Stoltz 
 Rosanna Arquette 
 Christopher Walken 
 Bruce Willis",Andrzej Sekuła,Sally Menke,,,Miramax Films,"May 21, 1994 ( 1994-05-21 )  ( Cannes ) 
 October 14, 1994 ( 1994-10-14 )  (United States)",154 minutes [1],,English,$8–8.5 million [2] [3],$213.9 million [2],,,,,,
"The Good, the Bad and the Ugly",Sergio Leone,"Age & Scarpelli 
 Luciano Vincenzoni 
 Sergio Leone",,Alberto Grimaldi,"Clint Eastwood 
 Eli Wallach 
 Lee Van Cleef 
 Aldo Giuffrè 
 Antonio Casas 
 Rada Rassimov 
 Aldo Sambrel 
 Enzo Petito 
 Luigi Pistilli 
 Livio Lorenzon 
 Al Mulloch 
 Sergio Mendizábal 
 Molino Rojo 
 Lorenzo Robledo 
 Mario Brega",Tonino Delli Colli,"Nino Baragli 
 Eugenio Alabiso",Ennio Morricone,,Produzioni Europee Associate,,177 minutes (Italian release) [5]  161 minutes (American release),,,$1.2 million [5],$38.9 million,,,,,,
The Lord of the Rings: The Fellowship of the Ring,Peter Jackson,"Fran Walsh 
 Philippa Boyens 
 Peter Jackson",The Fellowship of the Ring  by  J. R. R. Tolkien,"Barrie M. Osborne 
 Peter Jackson 
 Fran Walsh 
 Tim Sanders","Elijah Wood 
 Ian McKellen 
 Liv Tyler 
 Viggo Mortensen 
 Sean Astin 
 Cate Blanchett 
 John Rhys-Davies 
 Billy Boyd 
 Dominic Monaghan 
 Orlando Bloom 
 Christopher Lee 
 Hugo Weaving 
 Sean Bean 
 Ian Holm 
 Andy Serkis",Andrew Lesnie,John Gilbert,Howard Shore,,New Line Cinema [1],"10 December 2001 ( 2001-12-10 )  ( Odeon Leicester Square ) 
 19 December 2001 ( 2001-12-19 )  (United States) 
 20 December 2001 ( 2001-12-20 )  (New Zealand)",178 minutes [2],"New Zealand [1] 
 United States [1]",English,$93 million [3],$898.2 million [4],,,,,,
Forrest Gump,Robert Zemeckis,Eric Roth,Forrest Gump  by  Winston Groom,"Wendy Finerman 
 Steve Tisch 
 Steve Starkey","Tom Hanks 
 Robin Wright 
 Gary Sinise 
 Mykelti Williamson 
 Sally Field",Don Burgess,Arthur Schmidt,Alan Silvestri,The Tisch Company [1],Paramount Pictures [1],"June 23, 1994 ( 1994-06-23 )  ( Los Angeles ) 
 July 6, 1994 ( 1994-07-06 )  (United States)",142 minutes,,English,$55  million [2],$678.2  million [2],,,,,,
Inception,Christopher Nolan,,,"Emma Thomas 
 Christopher Nolan","Leonardo DiCaprio 
 Ken Watanabe 
 Joseph Gordon-Levitt 
 Marion Cotillard 
 Elliot Page [a] 
 Tom Hardy 
 Cillian Murphy 
 Tom Berenger 
 Michael Caine",Wally Pfister,Lee Smith,Hans Zimmer,,Warner Bros. Pictures,"July 8, 2010 ( 2010-07-08 )  ( Odeon Leicester Square ) 
 July 16, 2010 ( 2010-07-16 )  (United States and United Kingdom)",148 minutes [1],"United States [2] 
 United Kingdom [2]",English,$160 million [3],$836.8 million [3],,,,,,
The Empire Strikes Back,Irvin Kershner,"Leigh Brackett 
 Lawrence Kasdan",,Gary Kurtz,"Mark Hamill 
 Harrison Ford 
 Carrie Fisher 
 Billy Dee Williams 
 Anthony Daniels 
 David Prowse 
 Kenny Baker 
 Peter Mayhew 
 Frank Oz",Peter Suschitzky,Paul Hirsch,John Williams,Lucasfilm Ltd.,20th Century Fox,"May 6, 1980 ( 1980-05-06 )  ( Dominion Theatre ) 
 May 21, 1980 ( 1980-05-21 )  (United States)",124 minutes,,English,$30.5  million,$538–549  million [a],,,,,,
The Lord of the Rings: The Two Towers,Peter Jackson,"Fran Walsh 
 Philippa Boyens 
 Stephen Sinclair 
 Peter Jackson",The Two Towers  by  J. R. R. Tolkien,"Barrie M. Osborne 
 Fran Walsh 
 Peter Jackson","Elijah Wood 
 Ian McKellen 
 Liv Tyler 
 Viggo Mortensen 
 Sean Astin 
 Cate Blanchett 
 John Rhys-Davies 
 Bernard Hill 
 Christopher Lee 
 Billy Boyd 
 Dominic Monaghan 
 Orlando Bloom 
 Hugo Weaving 
 Miranda Otto 
 David Wenham 
 Brad Dourif 
 Karl Urban 
 Andy Serkis",Andrew Lesnie,Michael J. Horton,Howard Shore,,New Line Cinema [1],"5 December 2002 ( 2002-12-05 )  ( Ziegfeld Theatre ) 
 18 December 2002 ( 2002-12-18 )  (United States) 
 19 December 2002 ( 2002-12-19 )  (New Zealand)",179 minutes [2],"New Zealand [1] 
 Germany 
 United States [1]",English,$94 million [3],$947.9 million [3],,,,,,
The Matrix,The Wachowskis [a],,,Joel Silver,"Keanu Reeves 
 Laurence Fishburne 
 Carrie-Anne Moss 
 Hugo Weaving 
 Joe Pantoliano",Bill Pope,Zach Staenberg,Don Davis,,"Warner Bros. (worldwide) 
 Roadshow Entertainment  (Australia)","March 24, 1999 ( 1999-03-24 )  ( Mann Village Theater ) 
 March 31, 1999 ( 1999-03-31 )  (United States) 
 April 8, 1999 ( 1999-04-08 )  (Australia)",136 minutes [1],United States [2] [3] [4] Australia [2] [3] [4],English,$63 million [5],$467.2 million [5],,,,,,
Goodfellas,Martin Scorsese,"Nicholas Pileggi 
 Martin Scorsese",Wiseguy  by Nicholas Pileggi,Irwin Winkler,"Robert De Niro 
 Ray Liotta 
 Joe Pesci 
 Lorraine Bracco 
 Paul Sorvino",Michael Ballhaus,Thelma Schoonmaker,,,Warner Bros.,"September 9, 1990 ( 1990-09-09 )  ( Venice ) 
 September 19, 1990 ( 1990-09-19 )  (United States)",146 minutes [1],,English,$25 million [2],$47.1 million [3],,,,,,
One Flew Over the Cuckoo's Nest,Miloš Forman,"Lawrence Hauben 
 Bo Goldman",One Flew Over the Cuckoo's Nest  by  Ken Kesey,"Saul Zaentz 
 Michael Douglas","Jack Nicholson 
 Louise Fletcher 
 William Redfield",Haskell Wexler Bill Butler,"Richard Chew 
 Lynzee Klingman 
 Sheldon Kahn",Jack Nitzsche,Fantasy Films,United Artists,,133 minutes,,English,$3–4.4 million [1] [2],$163.3 million [3],,,,,,
Seven Samurai,Akira Kurosawa,"Akira Kurosawa 
 Shinobu Hashimoto 
 Hideo Oguni",,Sōjirō Motoki,"Toshiro Mifune 
 Takashi Shimura 
 Keiko Tsushima 
 Isao Kimura 
 Daisuke Katō 
 Seiji Miyaguchi 
 Yoshio Inaba 
 Minoru Chiaki 
 Kamatari Fujiwara 
 Kokuten Kōdō 
 Yoshio Tsuchiya 
 Eijirō Tōno 
 Jun Tatara 
 Atsushi Watanabe 
 Yoshio Kosugi 
 Bokuzen Hidari 
 Yukiko Shimazaki",Asakazu Nakai,Akira Kurosawa,Fumio Hayasaka,Toho,Toho,,207 minutes (with intermission),,Japanese,"¥210 million  ( $580,000 ) [1]","Japan  rentals :  ¥268.2 million [2] [3]  ( $2.3 million )    USA: $833,533",,,,,,
Se7en,,,,,,,,,,,,,,,,,,,,,,
City of God,"Fernando Meirelles 
 Kátia Lund",,City of God  by  Paulo Lins,"Andrea Barata Ribeiro 
 Maurício Andrade Ramos","Alexandre Rodrigues 
 Leandro Firmino 
 Alice Braga 
 Jonathan Haagensen 
 Phellipe Haagensen 
 Douglas Silva 
 Daniel Zettel 
 Seu Jorge",César Charlone,Daniel Rezende,"Antônio Pinto 
 Ed Cortês",,Globo Filmes  Miramax Films [1]  (through  Lumière Pictures [2] ),"18 May 2002 ( 2002-05-18 )  ( Cannes ) 
 30 August 2002 ( 2002-08-30 )  (Brazil)",130 minutes,,Portuguese,$3.3 million [3],$30.6 million [4],,,,,,
The Silence of the Lambs,Jonathan Demme,Ted Tally,The Silence of the Lambs  by  Thomas Harris,"Kenneth Utt 
 Edward Saxon 
 Ron Bozman","Jodie Foster 
 Anthony Hopkins 
 Scott Glenn 
 Ted Levine",Tak Fujimoto,Craig McKay,Howard Shore,Strong Heart Productions,Orion Pictures,"January 30, 1991 ( 1991-01-30 )  (New York City) 
 February 14, 1991 ( 1991-02-14 )  (United States)",118 minutes [1],,English,$19 million [2],$272.7 million [2],,,,,,
It's a Wonderful Life,Frank Capra,"Frances Goodrich 
 Albert Hackett 
 Frank Capra",The Greatest Gift  by  Philip Van Doren Stern,Frank Capra,"James Stewart 
 Donna Reed 
 Lionel Barrymore 
 Thomas Mitchell 
 Henry Travers 
 Beulah Bondi 
 Ward Bond 
 Frank Faylen 
 Gloria Grahame","Joseph Walker 
 Joseph Biroc",William Hornbeck,Dimitri Tiomkin,Liberty Films,RKO Radio Pictures,,131 minutes,,English,$3.18 million [N 1],$3.3 million [3],,,,,,
Life Is Beautiful,Roberto Benigni,,,Gianluigi Braschi  Elda Ferri,"Roberto Benigni 
 Nicoletta Braschi",Tonino Delli Colli,Simona Paggi,Nicola Piovani,Melampo Cinematografica,Cecchi Gori Group  (Italy),,116 minutes [1],,Italian,$20 million [2],$230.1 million [3],,,,,,
Saving Private Ryan,Steven Spielberg,,,"Steven Spielberg 
 Ian Bryce 
 Mark Gordon 
 Gary Levinsohn","Tom Hanks 
 Edward Burns 
 Matt Damon 
 Tom Sizemore",Janusz Kamiński,Michael Kahn,John Williams,,"DreamWorks Pictures 
 Paramount Pictures",,170 minutes,,English,$65–$70  million,$482.3  million [a],,,,,,
Spirited Away,Hayao Miyazaki,,,Toshio Suzuki,"Rumi Hiiragi 
 Miyu Irino 
 Mari Natsuki 
 Takashi Naito 
 Yasuko Sawaguchi 
 Tsunehiko Kamijō 
 Takehiko Ono 
 Bunta Sugawara",Atsushi Okui,Takeshi Seyama,Joe Hisaishi,Studio Ghibli,Toho,,125 minutes [1],,Japanese,$19.2 million [2] [3],$395.8 million [a],,,,,,
The Green Mile,Frank Darabont,Frank Darabont,The Green Mile  by  Stephen King,"Frank Darabont 
 David Valdes","Tom Hanks 
 David Morse 
 Bonnie Hunt 
 Michael Clarke Duncan 
 James Cromwell 
 Michael Jeter 
 Graham Greene 
 Doug Hutchison 
 Sam Rockwell 
 Barry Pepper 
 Jeffrey DeMunn 
 Patricia Clarkson 
 Harry Dean Stanton",David Tattersall,Richard Francis-Bruce,Thomas Newman,,"Warner Bros. [a]  (Select territories) 
 Universal Pictures [a]  (through  United International Pictures , select territories)",,189 minutes,,English,$60 million,$286.8 million [3],,,,,,
Interstellar,Christopher Nolan,,,"Emma Thomas 
 Christopher Nolan 
 Lynda Obst","Matthew McConaughey 
 Anne Hathaway 
 Jessica Chastain 
 Bill Irwin 
 Ellen Burstyn 
 Michael Caine",Hoyte van Hoytema,Lee Smith,Hans Zimmer,,"Paramount Pictures  (North America) 
 Warner Bros. Pictures  (International)","October 26, 2014 ( 2014-10-26 )  ( TCL Chinese Theatre ) 
 November 5, 2014 ( 2014-11-05 )  (United States) 
 November 7, 2014 ( 2014-11-07 )  (United Kingdom)",169 minutes [1],"United Kingdom [2] 
 United States [2]",English,$165 million [3],$773.8 million [3],,,,,,
Léon: The Professional,Luc Besson,,,Patrice Ledoux,"Jean Reno 
 Gary Oldman 
 Natalie Portman 
 Danny Aiello",Thierry Arbogast,Sylvie Landra,Éric Serra,,Gaumont Buena Vista International [2],,110 minutes,,English,$16 million [4],$46.1 million [5],,,,,,
The Pianist,Roman Polanski,Ronald Harwood,The Pianist  by  Władysław Szpilman,"Roman Polanski 
 Robert Benmussa 
 Alain Sarde","Adrien Brody 
 Thomas Kretschmann 
 Frank Finlay 
 Maureen Lipman 
 Emilia Fox 
 Ed Stoppard 
 Julia Rayner 
 Jessica Kate Meyer",Paweł Edelman,Hervé de Luze,Wojciech Kilar,,"BAC Films  (France) [1] 
 Tobis StudioCanal [2]  (Germany) [3] 
 Syrena Entertainment Group (Poland) [1] 
 Pathé Distribution  (United Kingdom) [3] [4]","24 May 2002 ( 2002-05-24 )  ( Cannes ) 
 6 September 2002 ( 2002-09-06 )  (Poland) 
 25 September 2002 ( 2002-09-25 )  (France)",150 minutes [4],"France 
 Germany 
 Poland 
 United Kingdom",,$35 million [5],$120.1 million [5],,,,,,
The Lion King,"Roger Allers 
 Rob Minkoff","Irene Mecchi 
 Jonathan Roberts 
 Linda Woolverton",,Don Hahn,"Jonathan Taylor Thomas 
 Matthew Broderick 
 James Earl Jones 
 Jeremy Irons 
 Moira Kelly 
 Ernie Sabella 
 Nathan Lane 
 Robert Guillaume 
 Rowan Atkinson 
 Whoopi Goldberg 
 Cheech Marin 
 Jim Cummings 
 Madge Sinclair",,Ivan Bilancio,Hans Zimmer,,Buena Vista Pictures Distribution,,88 minutes [1],,English,$45 million [2],$968.5 million [3],,,,,,
The Shining,Stanley Kubrick,"Stanley Kubrick 
 Diane Johnson",The Shining  by  Stephen King,Stanley Kubrick,"Jack Nicholson 
 Shelley Duvall 
 Scatman Crothers 
 Danny Lloyd",John Alcott,Ray Lovejoy,"Wendy Carlos 
 Rachel Elkind",,Warner Bros.  (United States) Columbia - EMI -Warner Distributors (United Kingdom) [1],"May 23, 1980 ( 1980-05-23 )  (United States) [2] 
 October 2, 1980 ( 1980-10-02 )  (United Kingdom) [3]","146 minutes (premiere) 
 144 minutes (American) [1] 
 119 minutes (European) [4]","United States [5] 
 United Kingdom [5]",English,$19 million [6],$47.3 million [6],,,,,,
Whiplash,Damien Chazelle,,,"Jason Blum 
 Helen Estabrook 
 Michel Litvak 
 David Lancaster","Miles Teller 
 J. K. Simmons 
 Paul Reiser",Sharone Meir,Tom Cross,Justin Hurwitz,,Sony Pictures Classics,"January 16, 2014 ( 2014-01-16 )  ( Sundance ) 
 October 10, 2014 ( 2014-10-10 )  (United States)",106 minutes [1],,English,$3.3 million [2],$49 million [2],,,,,,
The Departed,Martin Scorsese,William Monahan,Infernal Affairs  by  Alan Mak  &  Felix Chong,"Brad Pitt 
 Brad Grey 
 Graham King 
 Gianni Nunnari","Leonardo DiCaprio 
 Matt Damon 
 Jack Nicholson 
 Mark Wahlberg 
 Martin Sheen 
 Ray Winstone 
 Vera Farmiga 
 Alec Baldwin 
 Anthony Anderson 
 James Badge Dale",Michael Ballhaus,Thelma Schoonmaker,Howard Shore,,Warner Bros. Pictures,"September 26, 2006 ( 2006-09-26 )  ( Ziegfeld Theatre ) 
 October 6, 2006 ( 2006-10-06 )  (United States)",151 minutes [1],,English,$90 million [1],$291.5 million [1],"November 7, 2006",,"Rock ,  country ,  pop",,Warner Sunset,Jason Cienkus
Back to the Future,Robert Zemeckis,,,Bob Gale Neil Canton,"Michael J. Fox 
 Christopher Lloyd 
 Lea Thompson 
 Crispin Glover",Dean Cundey,Arthur Schmidt Harry Keramidas,Alan Silvestri,Amblin Entertainment,Universal Pictures,,116 minutes,,English,$19 million,$388.8 million,,,,,,
Gladiator,Ridley Scott,"David Franzoni 
 John Logan 
 William Nicholson",,"Douglas Wick 
 David Franzoni 
 Branko Lustig","Russell Crowe 
 Joaquin Phoenix 
 Connie Nielsen 
 Oliver Reed 
 Derek Jacobi 
 Djimon Hounsou 
 Richard Harris",John Mathieson,Pietro Scalia,"Hans Zimmer 
 Lisa Gerrard",,"DreamWorks Distribution (North America) 
 Universal Pictures (International: through  United International Pictures )","May 1, 2000 ( 2000-05-01 )  ( Samuel Goldwyn Theater ) 
 May 5, 2000 ( 2000-05-05 )  (United States) 
 May 12, 2000 ( 2000-05-12 )  (United Kingdom)",155 minutes [2],United States [3] United Kingdom [4],English,$103 million [5],$503.2 million [6],,,,,,
The Terminator,James Cameron,,,Gale Anne Hurd,"Arnold Schwarzenegger 
 Michael Biehn 
 Linda Hamilton 
 Paul Winfield",Adam Greenberg,Mark Goldblatt,Brad Fiedel,,Orion Pictures,,107 minutes [1],,English,$6.4 million [5],$78.3 million,,,,,,
Raiders of the Lost Ark,Steven Spielberg,Lawrence Kasdan,,Frank Marshall,"Harrison Ford 
 Karen Allen 
 Paul Freeman 
 Ronald Lacey 
 John Rhys-Davies 
 Denholm Elliott",Douglas Slocombe,Michael Kahn,John Williams,Lucasfilm Ltd.,Paramount Pictures,,115 minutes,,English,$20  million,$389.9  million,,,,,,
The Great Dictator,Charlie Chaplin,,,Charlie Chaplin,Charlie Chaplin Paulette Goddard Jack Oakie Henry Daniell Reginald Gardiner Billy Gilbert Maurice Moscovich,Karl Struss Roland Totheroh,Willard Nico Harold Rice,Charlie Chaplin Meredith Willson,Charles Chaplin Film Corporation,United Artists,,125 minutes [1],,English,$2.2 million [2],$5 million (worldwide rentals) [3],,,,,,
Memento,Christopher Nolan,Christopher Nolan,""" Memento Mori ""  by  Jonathan Nolan","Suzanne Todd 
 Jennifer Todd","Guy Pearce 
 Carrie-Anne Moss 
 Joe Pantoliano",Wally Pfister,Dody Dorn,David Julyan,,Newmarket,"September 5, 2000 ( 2000-09-05 )  ( Venice ) 
 March 16, 2001 ( 2001-03-16 )  (United States)",113 minutes [1],,English,$5-9 million [3] [4],$40 million [5] [3],,,,,,
Amélie,Jean-Pierre Jeunet,Guillaume Laurant,,"Jean-Marc Deschamps 
 Claudie Ossard","Audrey Tautou 
 Mathieu Kassovitz 
 Rufus 
 Lorella Cravotta 
 Serge Merlin 
 Jamel Debbouze 
 Claire Maurier 
 Clotilde Mollet 
 Isabelle Nanty 
 Dominique Pinon 
 Artus de Penguern 
 Yolande Moreau 
 Urbain Cancelier 
 Maurice Bénichou",Bruno Delbonnel,Hervé Schneid,Yann Tiersen,,"UGC Fox Distribution  (France) 
 Prokino Filmverleih (Germany)","25 April 2001 ( 2001-04-25 )  (France) 
 16 August 2001 ( 2001-08-16 )  (Germany)",123 minutes [1],"France [2] 
 Germany [3]",French,$10 million [4],$174.2 million [4],,,,,,
The Prestige,Christopher Nolan,"Jonathan Nolan 
 Christopher Nolan",The Prestige  by  Christopher Priest,"Emma Thomas 
 Aaron Ryder 
 Christopher Nolan","Hugh Jackman 
 Christian Bale 
 Michael Caine 
 Scarlett Johansson 
 Rebecca Hall 
 Andy Serkis 
 David Bowie 
 Piper Perabo",Wally Pfister,Lee Smith,David Julyan,,"Buena Vista Pictures Distribution  (North America) 
 Warner Bros. Pictures (International)","October 17, 2006 ( 2006-10-17 )  ( El Capitan Theatre ) 
 October 20, 2006 ( 2006-10-20 )  (United States) 
 November 10, 2006 ( 2006-11-10 )  (United Kingdom)",130 minutes [1],"United Kingdom [2] 
 United States [2]",English,$40 million [3],$109.7 million [3],,,,,,
Toy Story 3,Lee Unkrich,Michael Arndt,,Darla K. Anderson,"Tom Hanks 
 Tim Allen 
 Joan Cusack 
 Don Rickles 
 Wallace Shawn 
 John Ratzenberger 
 Estelle Harris 
 Ned Beatty 
 Michael Keaton 
 Jodi Benson 
 John Morris","Jeremy Lasky 
 Kim White",Ken Schretzmann,Randy Newman,,Walt Disney Studios  Motion Pictures,"June 12, 2010 ( 2010-06-12 )  ( Taormina Film Fest ) 
 June 18, 2010 ( 2010-06-18 )  (United States)",103 minutes [1],,English,$200 million [1],$1.067 billion [1],"June 15, 2010 [124]",2009–10,Score,56 : 18,Walt Disney,
Apocalypse Now,Francis Ford Coppola [a],,,Francis Ford Coppola [a],"Marlon Brando 
 Robert Duvall 
 Martin Sheen 
 Frederic Forrest 
 Albert Hall 
 Sam Bottoms 
 Larry Fishburne 
 Dennis Hopper 
 Harrison Ford",Vittorio Storaro,"Richard Marks 
 Walter Murch 
 Gerald B. Greenberg 
 Lisa Fruchtman","Carmine Coppola 
 Francis Ford Coppola [a]",Omni Zoetrope,United Artists,"May 19, 1979 ( 1979-05-19 )  ( Cannes ) [1] 
 August 15, 1979 ( 1979-08-15 )  (United States)","147 minutes (70 mm) 
 153 minutes (35 mm) [2]",,English,$31 million [3],$100–150 million [4] [5],,,,,,
The Lives of Others,Florian Henckel von Donnersmarck,,,"Max Wiedemann 
 Quirin Berg","Ulrich Mühe 
 Martina Gedeck 
 Sebastian Koch 
 Ulrich Tukur",Hagen Bogdanski,Patricia Rommel,"Gabriel Yared 
 Stéphane Moucha",,Buena Vista International,,137 minutes [1],,German,$2 million [2],$77.3 million [2],,,,,,
The Sting,George Roy Hill,,,"Tony Bill 
 Michael Phillips 
 Julia Phillips","Paul Newman 
 Robert Redford 
 Robert Shaw 
 Eileen Brennan 
 Charles Durning 
 Robert Earl Jones",Robert Surtees,William Reynolds,Marvin Hamlisch,,Universal Pictures,,129 minutes,,English,$5.5 million [1],$159.6 million [1],1973,,Jazz ragtime,36 : 59,MCA Records,Marvin Hamlisch Gil Rodin
The Bridge on the River Kwai,David Lean,"Carl Foreman 
 Michael Wilson",The Bridge over the River Kwai  by  Pierre Boulle,Sam Spiegel,"William Holden 
 Alec Guinness 
 Jack Hawkins 
 Sessue Hayakawa",Jack Hildyard,Peter Taylor,Malcolm Arnold,Horizon Pictures,Columbia Pictures,"2 October 1957 ( 1957-10-02 )  (London-premiere) 
 11 October 1957 ( 1957-10-11 )  (United Kingdom) 
 14 December 1957 ( 1957-12-14 )  (United States)",161 minutes,United Kingdom  United States [1],English,$2.8 million [2],$30.6 million [2],1957,21 October 1957,Soundtrack,44 : 49,Columbia,Various
No Country for Old Men,Joel Coen  Ethan Coen,"Joel Coen 
 Ethan Coen",No Country for Old Men  by  Cormac McCarthy,"Scott Rudin 
 Ethan Coen 
 Joel Coen","Tommy Lee Jones 
 Javier Bardem 
 Josh Brolin",Roger Deakins,Roderick Jaynes [a],Carter Burwell,,"Miramax Films  (United States) 
 Paramount Vantage  (International)","May 19, 2007 ( 2007-05-19 )  ( Cannes ) 
 November 9, 2007 ( 2007-11-09 )  (United States)",122 minutes,,English,$25 million,$171.6 million,,,,,,
Catch Me If You Can,Steven Spielberg,Jeff Nathanson,Catch Me If You Can  by  Frank Abagnale Jr.  Stan Redding,"Steven Spielberg 
 Walter F. Parkes","Leonardo DiCaprio 
 Tom Hanks 
 Christopher Walken 
 Martin Sheen 
 Nathalie Baye",Janusz Kamiński,Michael Kahn,John Williams,,DreamWorks Pictures,"December 18, 2002 ( 2002-12-18 )  ( Westwood ) 
 December 25, 2002 ( 2002-12-25 )  (United States)",141 minutes [1],,English,$52 million [2],$352.1 million [2],,,,,,
The Wolf of Wall Street,Martin Scorsese,Terence Winter,The Wolf of Wall Street  by  Jordan Belfort,"Martin Scorsese 
 Leonardo DiCaprio 
 Riza Aziz 
 Joey McFarland 
 Emma Tillinger Koskoff","Leonardo DiCaprio 
 Jonah Hill 
 Margot Robbie 
 Matthew McConaughey 
 Kyle Chandler 
 Rob Reiner 
 Jon Favreau 
 Jean Dujardin",Rodrigo Prieto,Thelma Schoonmaker,,,Paramount Pictures  (USA/Canada/Japan)  Universal Pictures  (International),"December 17, 2013 ( 2013-12-17 )  ( Ziegfeld Theatre ) 
 December 25, 2013 ( 2013-12-25 )  (United States)",180 minutes [1],,English,$100 million [2],$406.9 million [2],,,,,,
Lawrence of Arabia,David Lean,"Robert Bolt 
 Michael Wilson",Seven Pillars of Wisdom  by  T. E. Lawrence,Sam Spiegel,"Alec Guinness 
 Anthony Quinn 
 Jack Hawkins 
 José Ferrer 
 Anthony Quayle 
 Claude Rains 
 Arthur Kennedy 
 Omar Sharif 
 Peter O'Toole",Freddie A. Young,Anne V. Coates,Maurice Jarre,Horizon Pictures [1],Columbia Pictures [1],,210 minutes [2],,English,$15 million [4],$70 million [4],,,,,,
The Elephant Man,David Lynch,Christopher De Vore Eric Bergren David Lynch,"The Elephant Man and Other Reminiscences  by  Frederick Treves 
 The Elephant Man: A Study in Human Dignity  by  Ashley Montagu",Jonathan Sanger,"Anthony Hopkins 
 John Hurt 
 Anne Bancroft 
 Freddie Jones 
 John Gielgud 
 Wendy Hiller",Freddie Francis,Anne V. Coates,John Morris,Brooksfilms,Columbia – EMI – Warner Distributors  (United Kingdom) Paramount Pictures  (United States),"October 3, 1980 ( 1980-10-03 )  (New York City) [1] 
 October 10, 1980 ( 1980-10-10 )  (United States)",123 minutes [2],United Kingdom  United States [3],English,$5 million,$26 million  (North America) [4],,,,,,
Requiem for a Dream,Darren Aronofsky,Hubert Selby Jr. Darren Aronofsky,Requiem for a Dream  by Hubert Selby Jr.,Eric Watson Palmer West,"Ellen Burstyn 
 Jared Leto 
 Jennifer Connelly 
 Marlon Wayans 
 Christopher McDonald",Matthew Libatique,Jay Rabinowitz,Clint Mansell,,Artisan Entertainment  (United States) Summit Entertainment  (International) [1],"May 14, 2000 ( 2000-05-14 )  ( Cannes ) 
 December 6, 2000 ( 2000-12-06 )  (United States)",102 minutes [2],,English,$4.5 million [3],$7.4 million [4],,,,,,
The Secret in Their Eyes,Juan José Campanella,,La pregunta de sus ojos  by Eduardo Sacheri,"Juan José Campanella 
 Mariela Besuievsky","Ricardo Darín 
 Soledad Villamil 
 Pablo Rago 
 Javier Godino 
 Guillermo Francella",Félix Monti,Juan José Campanella,"Federico Jusid 
 Sebastian Kauderer",,"Distribution Company  (Argentina) 
 Alta Classics  (Spain)",,128 minutes [1],,Spanish,$2 million,$34 million [2],,,,,,
The Big Lebowski,Joel Coen,,,Ethan Coen,"Jeff Bridges 
 John Goodman 
 Julianne Moore 
 Steve Buscemi 
 David Huddleston 
 John Turturro 
 Philip Seymour Hoffman",Roger Deakins,Roderick Jaynes [a] Tricia Cooke,Carter Burwell,Working Title Films,Gramercy Pictures  (United States) PolyGram Filmed Entertainment  (international),"January 18, 1998 ( 1998-01-18 )  ( Sundance ) 
 March 6, 1998 ( 1998-03-06 )  (United States) 
 April 24, 1998 ( 1998-04-24 )  (United Kingdom)",117 minutes,United States [1] [2] United Kingdom [2] [3],English,$15 million,$46.7 million [4],"February 24, 1998",,"Rock 
 classical 
 jazz 
 country 
 folk 
 pop",51 : 45,Mercury,"T-Bone Burnett ,  Joel Coen ,  Ethan Coen"
The Hateful Eight,Quentin Tarantino,,,"Richard N. Gladstein 
 Stacey Sher 
 Shannon McIntosh","Samuel L. Jackson 
 Kurt Russell 
 Jennifer Jason Leigh 
 Walton Goggins 
 Demián Bichir 
 Tim Roth 
 Michael Madsen 
 Bruce Dern 
 James Parks 
 Channing Tatum",Robert Richardson,Fred Raskin,Ennio Morricone,,The Weinstein Company [2],"December 7, 2015 ( 2015-12-07 )  ( Cinerama Dome ) 
 December 25, 2015 ( 2015-12-25 )  (United States)","187 minutes ( Roadshow ) 
 168 minutes ( General )",,English,$44–62 million [6] [7],$156.5 million [6],,,,,,
Taxi Driver,Martin Scorsese,,,"Michael Phillips 
 Julia Phillips","Robert De Niro 
 Jodie Foster 
 Albert Brooks 
 Harvey Keitel 
 Leonard Harris 
 Peter Boyle 
 Cybill Shepherd",Michael Chapman,"Marcia Lucas 
 Tom Rolf 
 Melvin Shapiro",Bernard Herrmann,,Columbia Pictures,,114 minutes [2],,English,$1.9 million [3] [4],$28.6 million [5],"May 19, 1998","December 22 and 23, 1975 [20]",Soundtrack,61 : 33,Arista,"Michael Phillips , Neely Plumb"
The Treasure of the Sierra Madre,John Huston,John Huston,The Treasure of the Sierra Madre  by  B. Traven,Henry Blanke,Humphrey Bogart Walter Huston Tim Holt Bruce Bennett,Ted D. McCord,Owen Marks,Max Steiner,Warner Bros.-First National,Warner Bros. Pictures,"January 14, 1948 ( 1948-01-14 )  (Los Angeles, California) 
 January 15, 1948 ( 1948-01-15 )  (limited) 
 January 24, 1948 ( 1948-01-24 )  (United States)",126 minutes,,English,$2.5 million [1] [2],$4.1 million [1],,,,,,
Full Metal Jacket,Stanley Kubrick,"Stanley Kubrick 
 Michael Herr 
 Gustav Hasford",The Short-Timers  by Gustav Hasford,Stanley Kubrick,"Matthew Modine 
 Adam Baldwin 
 Vincent D'Onofrio 
 Lee Ermey 
 Dorian Harewood 
 Arliss Howard 
 Kevyn Major Howard 
 Ed O'Ross",Douglas Milsome,Martin Hunter,Abigail Mead,,"Warner Bros. Pictures   (United States) 
 Columbia - Cannon -Warner Distributors  (United Kingdom)","June 17, 1987 ( 1987-06-17 )  ( Beverly Hills ) 
 June 26, 1987 ( 1987-06-26 )  (United States) 
 September 11, 1987 ( 1987-09-11 )  (United Kingdom)",116 minutes [1],"United Kingdom 
 United States [2]",English,$16.5–30 million [3] [4],$120 million [5],,,,,,
The Wages of Fear,Henri-Georges Clouzot,Henri-Georges Clouzot  Jérome Geronimi,Le Salaire de la peur  1950 novel  by  Georges Arnaud,Raymond Borderie,"Yves Montand 
 Charles Vanel 
 Folco Lulli 
 Peter Van Eyck",Armand Thirard,Madeleine Gug  Etiennette Muse  Henri Rust,Georges Auric,,Cinédis,,153 minutes,France  Italy [1],,,"6,944,306 admissions [2]",,,,,,
The Best Years of Our Lives,William Wyler,Robert E. Sherwood,Glory for Me  1945 novella  by  MacKinlay Kantor,Samuel Goldwyn,"Myrna Loy 
 Fredric March 
 Dana Andrews 
 Teresa Wright 
 Virginia Mayo 
 Harold Russell",Gregg Toland,Daniel Mandell,"Hugo Friedhofer  (composer) 
 Emil Newman  (musical director)",Samuel Goldwyn Productions,RKO Radio Pictures,"November 21, 1946 ( 1946-11-21 )  ( New York City , premiere)",172 minutes,,English,$2.1 million [1]  or $3 million [2],$23.7 million [3],,,,,,
Dunkirk,Christopher Nolan,,,"Emma Thomas 
 Christopher Nolan","Fionn Whitehead 
 Tom Glynn-Carney 
 Jack Lowden 
 Harry Styles 
 Aneurin Barnard 
 James D'Arcy 
 Barry Keoghan 
 Kenneth Branagh 
 Cillian Murphy 
 Mark Rylance 
 Tom Hardy",Hoyte van Hoytema,Lee Smith,Hans Zimmer,,Warner Bros. Pictures,"13 July 2017 ( 2017-07-13 )  ( Odeon Leicester Square ) 
 19 July 2017 ( 2017-07-19 )  (France) [3] 
 20 July 2017 ( 2017-07-20 )  (Netherlands) [3] 
 21 July 2017 ( 2017-07-21 )  (UK & US) [3]",106 minutes [4],"United Kingdom [5] 
 United States [5] 
 France [5] 
 Netherlands [5]",English,$82.5–150 million [nb 1],$527 million [14],,,,,,
Laundromat (disambiguation),,,,,,,,,,,,,,,,,,,,,,
The Girl with the Dragon Tattoo,David Fincher,Steven Zaillian,The Girl with the Dragon Tattoo  by  Stieg Larsson,"Scott Rudin 
 Ole Søndberg 
 Søren Stærmose 
 Ceán Chaffin","Daniel Craig 
 Rooney Mara 
 Christopher Plummer 
 Stellan Skarsgård 
 Steven Berkoff 
 Robin Wright 
 Yorick van Wageningen 
 Joely Richardson",Jeff Cronenweth,"Kirk Baxter 
 Angus Wall","Trent Reznor 
 Atticus Ross",,Sony Pictures Releasing,"December 12, 2011 ( 2011-12-12 )  ( Odeon Leicester Square ) 
 December 21, 2011 ( 2011-12-21 )  (United States) 
 December 21, 2011 ( 2011-12-21 )  (Sweden) 
 December 26, 2011 ( 2011-12-26 )  (United Kingdom)",158 minutes [1],"Sweden 
 Germany 
 United Kingdom 
 United States",English,$90 million [2],$239.3 million [2],,,,,,
Once Upon a Time in America,Sergio Leone,"Leonardo Benvenuti 
 Piero De Bernardi 
 Enrico Medioli 
 Franco Arcalli 
 Franco Ferrini 
 Sergio Leone",The Hoods  by  Harry Grey,Arnon Milchan,"Robert De Niro 
 James Woods 
 Elizabeth McGovern 
 Joe Pesci 
 Burt Young 
 Tuesday Weld 
 Treat Williams",Tonino Delli Colli,Nino Baragli,Ennio Morricone,,"Warner Bros.  (United States) 
 Titanus  (Italy)","May 23, 1984 ( 1984-05-23 )  ( Cannes ) 
 June 1, 1984 ( 1984-06-01 )  (United States) 
 September 28, 1984 ( 1984-09-28 )  (Italy)","251 minutes  (Extended Cut) 
 229 minutes  (European Cut) 
 139 minutes  (U.S. Release)","United States [3] 
 Italy [3]",English,$30 million,$5.5 million [4],"1 June 1984 
 17 October 1995  (Special edition)",December 1983,Contemporary classical,,Mercury Records,Ennio Morricone
Platoon,Oliver Stone,,,Arnold Kopelson,"Tom Berenger 
 Willem Dafoe 
 Charlie Sheen",Robert Richardson,Claire Simpson,Georges Delerue,Hemdale Film Corporation,Orion Pictures,,120 minutes [1],,English,$6 million [2],$138 million [2],,,,,,
Gone with the Wind,Victor Fleming,Sidney Howard,Gone with the Wind  by  Margaret Mitchell,David O. Selznick,"Clark Gable 
 Vivien Leigh 
 Leslie Howard 
 Olivia de Havilland",Ernest Haller,"Hal C. Kern 
 James E. Newcom",Max Steiner,,Loew's Inc. [1] [nb 1],,"221 minutes 
 234–238 minutes (with  overture ,  intermission ,  entr'acte , and exit music)",,English,$3.85 million,>$390 million,,,,,,
The Trial of the Chicago 7,Aaron Sorkin,,,"Stuart M. Besser 
 Matt Jackson 
 Marc Platt 
 Tyler Thompson","Yahya Abdul-Mateen II 
 Sacha Baron Cohen 
 Daniel Flaherty 
 Joseph Gordon-Levitt 
 Michael Keaton 
 Frank Langella 
 John Carroll Lynch 
 Eddie Redmayne 
 Noah Robbins 
 Mark Rylance 
 Alex Sharp 
 Jeremy Strong",Phedon Papamichael,Alan Baumgarten,Daniel Pemberton,,Netflix,,130 minutes,,English,$35 million [1],"$115,709 [2]",,,,,,
The Magnificent Ambersons,Orson Welles,Orson Welles,The Magnificent Ambersons  1918 novel  by  Booth Tarkington,Orson Welles,"Joseph Cotten 
 Dolores Costello 
 Anne Baxter 
 Tim Holt 
 Agnes Moorehead 
 Ray Collins 
 Erskine Sanford 
 Richard Bennett",Stanley Cortez,Robert Wise,No credit in film,,RKO Radio Pictures,,88 minutes  148 minutes  (original)  131 minutes  (preview),,English,$1.1 million [2] : 71–72,"$1 million (US rentals) [3]  210,966 admissions (France, 1946) [4]",,,,,,
Snowpiercer,Bong Joon-ho,"Bong Joon-ho 
 Kelly Masterson",Le Transperceneige  by   Jacques Lob Benjamin Legrand Jean-Marc Rochette,"Jeong Tae-sung 
 Steven Nam 
 Park Chan-wook 
 Lee Tae-hun","Chris Evans 
 Song Kang-ho 
 Tilda Swinton 
 Jamie Bell 
 Octavia Spencer 
 Ewen Bremner 
 Go Ah-sung 
 John Hurt 
 Ed Harris",Hong Kyung-pyo,"Steve M. Choe 
 Kim Chang-ju",Marco Beltrami,,"CJ Entertainment  (South Korea) 
 The Weinstein Company  (North America)","29 July 2013 ( 2013-07-29 )  ( Times Square ) 
 1 August 2013 ( 2013-08-01 )  (South Korea)",126 minutes,"South Korea 
 Czech Republic [1]",English [2],$40 million [3],$86.8 million [4],,,,,,
Fight Club,David Fincher,Jim Uhls,Fight Club  by  Chuck Palahniuk,Art Linson Ceán Chaffin Ross Grayson Bell,"Brad Pitt 
 Edward Norton 
 Helena Bonham Carter 
 Meat Loaf 
 Jared Leto",Jeff Cronenweth,James Haygood,The Dust Brothers,,20th Century Fox,"September 10, 1999 ( 1999-09-10 )  ( Venice ) 
 October 15, 1999 ( 1999-10-15 )  (United States)",139 minutes [1],,English,$63–65 million [1] [4],$101.2 million [1],,,,,,
The Battle of Algiers,Gillo Pontecorvo,,Souvenirs de la Bataille d'Alger  by  Saadi Yacef,Antonio Musu  Saadi Yacef,Jean Martin  Saadi Yacef  Brahim Haggiag  Tommaso Neri,Marcello Gatti,Mario Morra  Mario Serandrei,Ennio Morricone  Gillo Pontecorvo,,Magna,"August 31, 1966 ( 1966-08-31 )  ( Venice ) 
 September 9, 1966 ( 1966-09-09 )  (Italy) 
 September 27, 1966 ( 1966-09-27 )  (Algeria)",120 minutes,Italy  Algeria,,"$806,735","$879,794 (domestic) [1]",,,,,,
Scarface,Brian De Palma,Oliver Stone,,Martin Bregman,Al Pacino,John A. Alonzo,"Jerry Greenberg 
 David Ray",Giorgio Moroder,,Universal Pictures,"December 1, 1983 ( 1983-12-01 )  ( New York City ) 
 December 9, 1983 ( 1983-12-09 )  (United States)",170 minutes [1],,English,$23.5–37 million [2] [3] [4],$66 million [5],,,,,,
Dead Poets Society,Peter Weir,,,"Steven Haft 
 Paul Junger Witt 
 Tony Thomas",Robin Williams,John Seale,William Anderson,Maurice Jarre,,"Buena Vista Pictures Distribution  (United States theatrical and worldwide home video) 
 Warner Bros.  (International theatrical release only) [1]",,128 minutes [1],,English,$16.4 million [2],$235.9 million [3],,,,,,
The Usual Suspects,Bryan Singer,,,"Bryan Singer 
 Michael McDonnell","Stephen Baldwin 
 Gabriel Byrne 
 Chazz Palminteri 
 Kevin Pollak 
 Pete Postlethwaite 
 Kevin Spacey 
 Suzy Amis 
 Benicio del Toro 
 Giancarlo Esposito",Newton Thomas Sigel,John Ottman,John Ottman,,"Gramercy Pictures  (North America/France) 
 Spelling Films International/ Columbia TriStar Film Distributors International  (International)","January 25, 1995 ( 1995-01-25 )  ( Sundance ) 
 August 16, 1995 ( 1995-08-16 )  (United States)",106 minutes [1],"United States [2] 
 Germany [2]",English,$6 million [3],$67 million [4],,,,,,
The English Patient,Anthony Minghella,Anthony Minghella,The English Patient  by  Michael Ondaatje,Saul Zaentz,"Ralph Fiennes 
 Juliette Binoche 
 Willem Dafoe 
 Kristin Scott Thomas 
 Naveen Andrews 
 Colin Firth 
 Julian Wadham 
 Jürgen Prochnow",John Seale,Walter Murch,Gabriel Yared,Tiger Moth Productions,Miramax Films  (through  Buena Vista International  outside the United States [1] ),,162 minutes [2],United States [3] [4]  United Kingdom [5],,$27–31 million [6] [7],$232 million [6],,,,,,
Jurassic Park,Steven Spielberg,"Michael Crichton 
 David Koepp",Jurassic Park  by Michael Crichton,"Kathleen Kennedy 
 Gerald R. Molen","Sam Neill 
 Laura Dern 
 Jeff Goldblum 
 Richard Attenborough 
 Bob Peck 
 Martin Ferrero 
 BD Wong 
 Samuel L. Jackson 
 Wayne Knight 
 Joseph Mazzello 
 Ariana Richards",Dean Cundey,Michael Kahn,John Williams,,Universal Pictures,"June 9, 1993 ( 1993-06-09 )  ( Uptown Theater ) 
 June 11, 1993 ( 1993-06-11 )  (United States)",127 minutes [1],,English,$63 million [2],$1.046 billion [3],,,,,,
The Color Purple,Steven Spielberg,Menno Meyjes,The Color Purple  by  Alice Walker,"Kathleen Kennedy 
 Frank Marshall 
 Steven Spielberg 
 Quincy Jones","Danny Glover 
 Adolph Caesar 
 Margaret Avery 
 Rae Dawn Chong 
 Whoopi Goldberg 
 Oprah Winfrey",Allen Daviau,Michael Kahn,Quincy Jones,,Warner Bros. Pictures,,153 minutes [1],,English,$15 million,$142 million,,,,,,
The Killers,Don Siegel,Gene L. Coon,""" The Killers ""  1927 story  by  Ernest Hemingway",Don Siegel,"Lee Marvin 
 Angie Dickinson 
 John Cassavetes 
 Ronald Reagan 
 Clu Gulager",Richard L. Rawlings,Richard Belding,John Williams,Revue Studios,Universal Pictures,,95 minutes,,English,,,,,,,,
The Exorcist,William Friedkin,,The Exorcist  by William Peter Blatty,William Peter Blatty,"Ellen Burstyn 
 Max von Sydow 
 Lee J. Cobb 
 Kitty Winn 
 Jack MacGowran 
 Jason Miller 
 Linda Blair",Owen Roizman,"Jordan Leondopoulos (supervising) 
 Evan A. Lottman 
 Norman Gay 
 Bud Smith",Jack Nitzsche,Hoya Productions [1],Warner Bros. [1],,122 minutes,,English,$12 million [2],$441.3 million (as of 2019)  $112.3 million (1974 worldwide release) [2] [3],,,,,,
Sunset Boulevard,Billy Wilder,,,Charles Brackett,"William Holden 
 Gloria Swanson 
 Erich von Stroheim 
 Nancy Olson 
 Fred Clark 
 Lloyd Gough 
 Jack Webb",John F. Seitz,"Doane Harrison 
 Arthur Schmidt",Franz Waxman,Paramount Pictures,Paramount Pictures,,110 minutes,,English,$1.75 million,$5 million,,,,,,
Cool Hand Luke,Stuart Rosenberg,"Donn Pearce 
 Frank R. Pierson",Cool Hand Luke  by Donn Pearce,Gordon Carroll,"Paul Newman 
 George Kennedy 
 J. D. Cannon 
 Robert Drivas 
 Lou Antonio 
 Strother Martin 
 Jo Van Fleet",Conrad Hall,Sam O'Steen,Lalo Schifrin,Jalem Productions,Warner Bros.-Seven Arts,,126 minutes,,English,$3.2 million [1],$16.2 million [2],,,,,,
The Lost Weekend,Billy Wilder,Charles Brackett Billy Wilder,The Lost Weekend  by  Charles R. Jackson,Charles Brackett,Ray Milland Jane Wyman,John F. Seitz,Doane Harrison,Miklós Rózsa,Paramount Pictures,Paramount Pictures,,101 minutes [1],,English,$1.25 million,"$11,000,000 [2]  or $4.3 million (US rentals) [3]",,,,,,
Dead Man Walking,Tim Robbins,Tim Robbins,Dead Man Walking  by  Helen Prejean,Jon Kilik  Tim Robbins  Rudd Simmons,"Susan Sarandon 
 Sean Penn 
 Robert Prosky 
 Raymond J. Barry 
 R. Lee Ermey 
 Scott Wilson",Roger A. Deakins,Lisa Zeno Churgin,David Robbins,,Gramercy Pictures,,122 minutes,,English,$11 million,$83 million,,,,,,
The Killing,Stanley Kubrick,Stanley Kubrick,Clean Break  by  Lionel White,James B. Harris,"Sterling Hayden 
 Coleen Gray 
 Vince Edwards 
 Jay C. Flippen 
 Marie Windsor 
 Ted de Corsia",Lucien Ballard,Betty Steinberg,Gerald Fried,Harris-Kubrick Pictures Corporation,United Artists,,84 minutes [2],,English,"$320,000 [3]",,,,,,,
The Thin Red Line,Terrence Malick,Terrence Malick,The Thin Red Line  by  James Jones,"Robert Michael Geisler 
 Grant Hill 
 John Roberdeau","Sean Penn 
 Adrien Brody 
 Jim Caviezel 
 Ben Chaplin 
 George Clooney 
 John Cusack 
 Woody Harrelson 
 Elias Koteas 
 Nick Nolte 
 John C. Reilly 
 John Travolta",John Toll,"Billy Weber 
 Leslie Jones 
 Saar Klein",Hans Zimmer,,20th Century Fox,"December 25, 1998 ( 1998-12-25 )  (limited release) 
 January 15, 1999 ( 1999-01-15 )  (wide release)",171 minutes [1],,English,$52 million [2],$98.1 million [2],,,,,,
The Grapes of Wrath,John Ford,Nunnally Johnson,The Grapes of Wrath  by  John Steinbeck,"Darryl F. Zanuck 
 Nunnally Johnson","Henry Fonda 
 Jane Darwell 
 John Carradine 
 Shirley Mills 
 John Qualen 
 Eddie Quillan",Gregg Toland,Robert L. Simpson,Alfred Newman,,20th Century Fox,,129 minutes,,English,"$800,000 [1]","$1,591,000  (rentals) [2]",,,,,,
Monty Python and the Holy Grail,"Terry Gilliam 
 Terry Jones",,,"Mark Forstater 
 Michael White","Graham Chapman 
 John Cleese 
 Terry Gilliam 
 Eric Idle 
 Terry Jones 
 Michael Palin",Terry Bedford,John Hackney,Neil Innes   (songs)  De Wolfe Music,,EMI Films,,92 minutes [1],,English,"£282,035 [2]","£2,358,229 [2]",,,,,,
Bridge of Spies,Steven Spielberg,,,"Marc Platt 
 Steven Spielberg 
 Kristie Macosko Krieger","Tom Hanks 
 Mark Rylance 
 Amy Ryan 
 Alan Alda",Janusz Kamiński,Michael Kahn,Thomas Newman,,"Walt Disney Studios Motion Pictures [a]  (United States) 
 20th Century Fox [3]  (International)","October 4, 2015 ( 2015-10-04 )  ( New York Film Festival ) 
 October 16, 2015 ( 2015-10-16 )  (United States) 
 November 26, 2015 ( 2015-11-26 )  (Germany)",141 minutes [4] [5],"United States 
 Germany 
 United Kingdom",,$40 million [6],$165.5 million [7],,,,,,
La Haine,Mathieu Kassovitz,,,Christophe Rossignon,"Vincent Cassel 
 Hubert Koundé 
 Saïd Taghmaoui",Pierre Aïm,"Mathieu Kassovitz 
 Scott Stevenson",Assassin,,MKL Distribution,"27 May 1995 ( 1995-05-27 )  ( Cannes ) 
 31 May 1995 ( 1995-05-31 )  (France)",98 minutes,,French,€2.6 million [1],$15.3 million [1],,,,,,
2001: A Space Odyssey,Stanley Kubrick,"Stanley Kubrick 
 Arthur C. Clarke",,Stanley Kubrick,"Keir Dullea 
 Gary Lockwood",Geoffrey Unsworth,Ray Lovejoy,,Stanley Kubrick Productions,Metro-Goldwyn-Mayer,"2 April 1968 ( 1968-04-02 )  ( Uptown Theater ) 
 3 April 1968 ( 1968-04-03 )  (United States) 
 15 May 1968 ( 1968-05-15 )  (United Kingdom)",approx. 143 minutes [1],"United Kingdom 
 United States",English,$10.5 million,$146 million,,,,,,
Raging Bull,Martin Scorsese,Paul Schrader Mardik Martin,Raging Bull: My Story  by   Jake LaMotta Joseph Carter Peter Savage,Irwin Winkler Robert Chartoff,Robert De Niro,Michael Chapman,Thelma Schoonmaker,,,United Artists,"November 14, 1980 ( 1980-11-14 )  (New York City) 
 December 19, 1980 ( 1980-12-19 )  (United States)",129 minutes [2],,English,$18 million [3],$23.4 million [3],,,,,,
Moonlight,Barry Jenkins,Barry Jenkins,,"Adele Romanski 
 Dede Gardner 
 Jeremy Kleiner","Trevante Rhodes 
 André Holland 
 Janelle Monáe 
 Ashton Sanders 
 Jharrel Jerome 
 Naomie Harris 
 Mahershala Ali",James Laxton,"Nat Sanders 
 Joi McMillon",Nicholas Britell,,A24,"September 2, 2016 ( 2016-09-02 )  ( Telluride ) 
 October 21, 2016 ( 2016-10-21 )  (United States)",111 minutes [1],,English,$1.5–4 million [2] [3],$65.2 million [3],,,,,,
Amadeus,Miloš Forman,Peter Shaffer,Amadeus  by Peter Shaffer,Saul Zaentz,"F. Murray Abraham 
 Tom Hulce 
 Elizabeth Berridge 
 Simon Callow 
 Roy Dotrice 
 Christine Ebersole 
 Jeffrey Jones 
 Charles Kay",Miroslav Ondříček,"Nena Danevic 
 Michael Chandler",,The Saul Zaentz Company,"Orion Pictures  (United States) 
 Thorn EMI Screen Entertainment  (International) [1]","September 6, 1984 ( 1984-09-06 )  (Los Angeles) 
 September 19, 1984 ( 1984-09-19 )  (United States)",161 minutes [1],,English,$18 million [2],$90 million [3],,,,,,
The Social Network,David Fincher,Aaron Sorkin,The Accidental Billionaires  by  Ben Mezrich,"Scott Rudin 
 Dana Brunetti 
 Michael De Luca 
 Ceán Chaffin","Jesse Eisenberg 
 Andrew Garfield 
 Justin Timberlake 
 Armie Hammer 
 Max Minghella",Jeff Cronenweth,"Angus Wall 
 Kirk Baxter","Trent Reznor 
 Atticus Ross",,Sony Pictures Releasing,"September 24, 2010 ( 2010-09-24 )  ( NYFF ) [1] 
 October 1, 2010 ( 2010-10-01 )  (United States)",120 minutes [2],,English,$40 million [3],$224.9 million [3],,,,,,
Chungking Express,Wong Kar-wai,,,"Chan Yi-kan 
 Jeffrey Lau [1]","Brigitte Lin Chin-Hsia 
 Takeshi Kaneshiro 
 Tony Leung Chiu-Wai 
 Faye Wong","Christopher Doyle 
 Andrew Lau","William Chang 
 Kai Kit-wai 
 Kwong Chi-Leung","Frankie Chan 
 Roel. A Garcia",Jet Tone Production,Ocean Shores Video,,98 minutes,,Cantonese [3],,"$600,200 (United States) [4] 
 HK$7.6 million (Hong Kong) [2]",,,,,,
The Curious Case of Benjamin Button,David Fincher,Eric Roth,The Curious Case of Benjamin Button  by  F. Scott Fitzgerald,"Ceán Chaffin 
 Kathleen Kennedy 
 Frank Marshall","Brad Pitt 
 Cate Blanchett 
 Mahershala Ali 
 Taraji P. Henson 
 Julia Ormond 
 Jason Flemyng 
 Elias Koteas 
 Tilda Swinton",Claudio Miranda,"Kirk Baxter 
 Angus Wall",Alexandre Desplat,,"Paramount Pictures  (North America) 
 Warner Bros. Pictures  (International)",,166 minutes [1],,English,$150–167 million [2] [3] [4],$335.8 million [2],,,,,,
All Quiet on the Western Front,Lewis Milestone,,All Quiet on the Western Front  1929 novel  by  Erich Maria Remarque,Carl Laemmle Jr.,Lew Ayres  Louis Wolheim,Arthur Edeson,"Edgar Adams  Milton Carruth  (silent version, uncredited) [2]",David Broekman,Universal Studios,Universal Pictures,,152 minutes [2]  133 minutes (restored),,English,$1.2 million [3],$3 million [4]  (worldwide rentals),,,,,,
Million Dollar Baby,Clint Eastwood,Paul Haggis,Rope Burns: Stories from the Corner  by  F.X. Toole,"Clint Eastwood 
 Albert S. Ruddy 
 Tom Rosenberg 
 Paul Haggis","Clint Eastwood 
 Hilary Swank 
 Morgan Freeman",Tom Stern,Joel Cox,Clint Eastwood,,Warner Bros. Pictures  (North America)  Lakeshore International (international),"December 5, 2004 ( 2004-12-05 )  (New York) 
 December 15, 2004 ( 2004-12-15 )  (United States)",132 minutes,,English,$30 million [1] [2],$216.8 million [3],,,,,,
The Lion King,"Roger Allers 
 Rob Minkoff","Irene Mecchi 
 Jonathan Roberts 
 Linda Woolverton",,Don Hahn,"Jonathan Taylor Thomas 
 Matthew Broderick 
 James Earl Jones 
 Jeremy Irons 
 Moira Kelly 
 Ernie Sabella 
 Nathan Lane 
 Robert Guillaume 
 Rowan Atkinson 
 Whoopi Goldberg 
 Cheech Marin 
 Jim Cummings 
 Madge Sinclair",,Ivan Bilancio,Hans Zimmer,,Buena Vista Pictures Distribution,,88 minutes [1],,English,$45 million [2],$968.5 million [3],,,,,,
To Kill a Mockingbird,Robert Mulligan,Horton Foote,To Kill a Mockingbird  by  Harper Lee,Alan J. Pakula,"Gregory Peck 
 Mary Badham 
 Phillip Alford 
 Ruth White 
 Paul Fix 
 Brock Peters 
 Frank Overton 
 James Anderson","Russell Harlan ,  A.S.C.","Aaron Stell,  A.C.E.",Elmer Bernstein,Brentwood Productions,Universal Pictures,,129 minutes [1],,English,$2 million [2],$13.1 million [2],Early April 1963 [45],"August 1–2, 1996, City Halls,  Glasgow",,41 : 53,Varèse Sarabande,
The French Connection,William Friedkin,Ernest Tidyman,The French Connection  1969  by  Robin Moore,Philip D'Antoni,"Gene Hackman 
 Fernando Rey 
 Roy Scheider 
 Tony Lo Bianco 
 Marcel Bozzuffi",Owen Roizman,Gerald B. Greenberg,Don Ellis,Philip D'Antoni Productions,20th Century Fox,,104 minutes [2],,,$1.8 million [3],$75 million (worldwide  theatrical rental ) [4],,,,,,
The Usual Suspects,Bryan Singer,,,"Bryan Singer 
 Michael McDonnell","Stephen Baldwin 
 Gabriel Byrne 
 Chazz Palminteri 
 Kevin Pollak 
 Pete Postlethwaite 
 Kevin Spacey 
 Suzy Amis 
 Benicio del Toro 
 Giancarlo Esposito",Newton Thomas Sigel,John Ottman,John Ottman,,"Gramercy Pictures  (North America/France) 
 Spelling Films International/ Columbia TriStar Film Distributors International  (International)","January 25, 1995 ( 1995-01-25 )  ( Sundance ) 
 August 16, 1995 ( 1995-08-16 )  (United States)",106 minutes [1],"United States [2] 
 Germany [2]",English,$6 million [3],$67 million [4],,,,,,
The Shawshank Redemption,Frank Darabont,Frank Darabont,Rita Hayworth and Shawshank Redemption  by  Stephen King,Niki Marvin,"Tim Robbins 
 Morgan Freeman 
 Bob Gunton 
 William Sadler 
 Clancy Brown 
 Gil Bellows 
 James Whitmore",Roger Deakins,Richard Francis-Bruce,Thomas Newman,Castle Rock Entertainment,Columbia Pictures,"September 10, 1994 ( 1994-09-10 )  ( TIFF ) 
 September 23, 1994 ( 1994-09-23 )  (United States)",142 minutes [1],,English,$25 million [2],$73.3 million,,,,,,
Forrest Gump,Robert Zemeckis,Eric Roth,Forrest Gump  by  Winston Groom,"Wendy Finerman 
 Steve Tisch 
 Steve Starkey","Tom Hanks 
 Robin Wright 
 Gary Sinise 
 Mykelti Williamson 
 Sally Field",Don Burgess,Arthur Schmidt,Alan Silvestri,The Tisch Company [1],Paramount Pictures [1],"June 23, 1994 ( 1994-06-23 )  ( Los Angeles ) 
 July 6, 1994 ( 1994-07-06 )  (United States)",142 minutes,,English,$55  million [2],$678.2  million [2],,,,,,
The Godfather Part II,Francis Ford Coppola,"Francis Ford Coppola 
 Mario Puzo",The Godfather  by Mario Puzo,Francis Ford Coppola,"Al Pacino 
 Robert Duvall 
 Diane Keaton 
 Robert De Niro 
 Talia Shire 
 Morgana King 
 John Cazale 
 Mariana Hill 
 Lee Strasberg",Gordon Willis,"Peter Zinner 
 Barry Malkin 
 Richard Marks",Nino Rota,,Paramount Pictures,"December 12, 1974 ( 1974-12-12 )  (New York City) 
 December 20, 1974 ( 1974-12-20 )  (United States)",202 minutes [1],,,$13 million [2] [3],$48–93 million [N 1],,,,,,
Pulp Fiction,Quentin Tarantino,,,Lawrence Bender,"John Travolta 
 Samuel L. Jackson 
 Uma Thurman 
 Harvey Keitel 
 Tim Roth 
 Amanda Plummer 
 Maria de Medeiros 
 Ving Rhames 
 Eric Stoltz 
 Rosanna Arquette 
 Christopher Walken 
 Bruce Willis",Andrzej Sekuła,Sally Menke,,,Miramax Films,"May 21, 1994 ( 1994-05-21 )  ( Cannes ) 
 October 14, 1994 ( 1994-10-14 )  (United States)",154 minutes [1],,English,$8–8.5 million [2] [3],$213.9 million [2],,,,,,
The Lord of the Rings: The Fellowship of the Ring,Peter Jackson,"Fran Walsh 
 Philippa Boyens 
 Peter Jackson",The Fellowship of the Ring  by  J. R. R. Tolkien,"Barrie M. Osborne 
 Peter Jackson 
 Fran Walsh 
 Tim Sanders","Elijah Wood 
 Ian McKellen 
 Liv Tyler 
 Viggo Mortensen 
 Sean Astin 
 Cate Blanchett 
 John Rhys-Davies 
 Billy Boyd 
 Dominic Monaghan 
 Orlando Bloom 
 Christopher Lee 
 Hugo Weaving 
 Sean Bean 
 Ian Holm 
 Andy Serkis",Andrew Lesnie,John Gilbert,Howard Shore,,New Line Cinema [1],"10 December 2001 ( 2001-12-10 )  ( Odeon Leicester Square ) 
 19 December 2001 ( 2001-12-19 )  (United States) 
 20 December 2001 ( 2001-12-20 )  (New Zealand)",178 minutes [2],"New Zealand [1] 
 United States [1]",English,$93 million [3],$898.2 million [4],,,,,,
The Lord of the Rings: The Two Towers,Peter Jackson,"Fran Walsh 
 Philippa Boyens 
 Stephen Sinclair 
 Peter Jackson",The Two Towers  by  J. R. R. Tolkien,"Barrie M. Osborne 
 Fran Walsh 
 Peter Jackson","Elijah Wood 
 Ian McKellen 
 Liv Tyler 
 Viggo Mortensen 
 Sean Astin 
 Cate Blanchett 
 John Rhys-Davies 
 Bernard Hill 
 Christopher Lee 
 Billy Boyd 
 Dominic Monaghan 
 Orlando Bloom 
 Hugo Weaving 
 Miranda Otto 
 David Wenham 
 Brad Dourif 
 Karl Urban 
 Andy Serkis",Andrew Lesnie,Michael J. Horton,Howard Shore,,New Line Cinema [1],"5 December 2002 ( 2002-12-05 )  ( Ziegfeld Theatre ) 
 18 December 2002 ( 2002-12-18 )  (United States) 
 19 December 2002 ( 2002-12-19 )  (New Zealand)",179 minutes [2],"New Zealand [1] 
 Germany 
 United States [1]",English,$94 million [3],$947.9 million [3],,,,,,
The Lord of the Rings: The Return of the King,Peter Jackson,"Fran Walsh 
 Philippa Boyens 
 Peter Jackson",The Return of the King  by  J. R. R. Tolkien,"Barrie M. Osborne 
 Fran Walsh 
 Peter Jackson","Elijah Wood 
 Ian McKellen 
 Liv Tyler 
 Viggo Mortensen 
 Sean Astin 
 Cate Blanchett 
 John Rhys-Davies 
 Bernard Hill 
 Billy Boyd 
 Dominic Monaghan 
 Orlando Bloom 
 Hugo Weaving 
 Miranda Otto 
 David Wenham 
 Karl Urban 
 John Noble 
 Andy Serkis 
 Ian Holm 
 Sean Bean",Andrew Lesnie,Jamie Selkirk,Howard Shore,,New Line Cinema [1],"1 December 2003 ( 2003-12-01 )  ( Embassy Theatre ) 
 17 December 2003 ( 2003-12-17 )  (United States) 
 18 December 2003 ( 2003-12-18 )  (New Zealand)",201 minutes [2],"New Zealand [1] 
 Germany [3] 
 United States [1]",English,$94 million [4],$1.147 billion [4],,,,,,
The Godfather,Francis Ford Coppola,"Mario Puzo 
 Francis Ford Coppola",The Godfather  by Mario Puzo,Albert S. Ruddy,"Marlon Brando 
 Al Pacino 
 James Caan 
 Richard Castellano 
 Robert Duvall 
 Sterling Hayden 
 John Marley 
 Richard Conte 
 Diane Keaton",Gordon Willis,"William Reynolds 
 Peter Zinner",Nino Rota,,Paramount Pictures,"March 14, 1972 ( 1972-03-14 )  ( Loew's State Theatre ) 
 March 24, 1972 ( 1972-03-24 )  (United States)",175 minutes [1],,English,$6–7.2 million [N 1],$250–291 million [N 2],,,,,,
The Dark Knight,Christopher Nolan,"Jonathan Nolan 
 Christopher Nolan",Characters appearing in comic books published  by  DC Comics,"Emma Thomas 
 Charles Roven 
 Christopher Nolan","Christian Bale 
 Michael Caine 
 Heath Ledger 
 Gary Oldman 
 Aaron Eckhart 
 Maggie Gyllenhaal 
 Morgan Freeman",Wally Pfister,Lee Smith,"Hans Zimmer 
 James Newton Howard",,Warner Bros. Pictures,"July 14, 2008 ( 2008-07-14 )  (New York City) 
 July 18, 2008 ( 2008-07-18 )  (United States) 
 July 25, 2008 ( 2008-07-25 )  (United Kingdom)",152 minutes,"United States 
 United Kingdom [b]",English,$185  million,$1.006  billion [c],,,,,,
The Matrix,The Wachowskis [a],,,Joel Silver,"Keanu Reeves 
 Laurence Fishburne 
 Carrie-Anne Moss 
 Hugo Weaving 
 Joe Pantoliano",Bill Pope,Zach Staenberg,Don Davis,,"Warner Bros. (worldwide) 
 Roadshow Entertainment  (Australia)","March 24, 1999 ( 1999-03-24 )  ( Mann Village Theater ) 
 March 31, 1999 ( 1999-03-31 )  (United States) 
 April 8, 1999 ( 1999-04-08 )  (Australia)",136 minutes [1],United States [2] [3] [4] Australia [2] [3] [4],English,$63 million [5],$467.2 million [5],,,,,,
The Silence of the Lambs,Jonathan Demme,Ted Tally,The Silence of the Lambs  by  Thomas Harris,"Kenneth Utt 
 Edward Saxon 
 Ron Bozman","Jodie Foster 
 Anthony Hopkins 
 Scott Glenn 
 Ted Levine",Tak Fujimoto,Craig McKay,Howard Shore,Strong Heart Productions,Orion Pictures,"January 30, 1991 ( 1991-01-30 )  (New York City) 
 February 14, 1991 ( 1991-02-14 )  (United States)",118 minutes [1],,English,$19 million [2],$272.7 million [2],,,,,,
The Star Wars trilogy,,,,,,,,,,,,,,,,,,,,,,
The Terminator,James Cameron,,,Gale Anne Hurd,"Arnold Schwarzenegger 
 Michael Biehn 
 Linda Hamilton 
 Paul Winfield",Adam Greenberg,Mark Goldblatt,Brad Fiedel,,Orion Pictures,,107 minutes [1],,English,$6.4 million [5],$78.3 million,,,,,,
Titanic,James Cameron,,,"James Cameron 
 Jon Landau","Leonardo DiCaprio 
 Kate Winslet 
 Billy Zane 
 Kathy Bates 
 Frances Fisher 
 Bernard Hill 
 Jonathan Hyde 
 Danny Nucci 
 David Warner 
 Bill Paxton",Russell Carpenter,"Conrad Buff 
 James Cameron 
 Richard A. Harris",James Horner,,"Paramount Pictures  (North America) 
 20th Century Fox  (International)","November 1, 1997 ( 1997-11-01 )  ( Tokyo ) 
 December 19, 1997 ( 1997-12-19 )  (United States)",195 minutes [3],,English,$200 million [4] [5] [6],$2.254 billion [Note 1] [14],,,,,,
Toy Story,John Lasseter,"Joss Whedon 
 Andrew Stanton 
 Joel Cohen 
 Alec Sokolow",,"Bonnie Arnold 
 Ralph Guggenheim","Tom Hanks 
 Tim Allen 
 Don Rickles 
 Jim Varney 
 Wallace Shawn 
 John Ratzenberger 
 Annie Potts 
 John Morris 
 Erik von Detten",,"Robert Gordon 
 Lee Unkrich",Randy Newman,,Buena Vista Pictures Distribution,"November 19, 1995 ( 1995-11-19 )  ( El Capitan Theatre ) 
 November 22, 1995 ( 1995-11-22 )  (United States)",81 minutes [1],,English,$30 million [2],$394.4 million [3],,,,,,
Goodfellas,Martin Scorsese,"Nicholas Pileggi 
 Martin Scorsese",Wiseguy  by Nicholas Pileggi,Irwin Winkler,"Robert De Niro 
 Ray Liotta 
 Joe Pesci 
 Lorraine Bracco 
 Paul Sorvino",Michael Ballhaus,Thelma Schoonmaker,,,Warner Bros.,"September 9, 1990 ( 1990-09-09 )  ( Venice ) 
 September 19, 1990 ( 1990-09-19 )  (United States)",146 minutes [1],,English,$25 million [2],$47.1 million [3],,,,,,
The Green Mile,Frank Darabont,Frank Darabont,The Green Mile  by  Stephen King,"Frank Darabont 
 David Valdes","Tom Hanks 
 David Morse 
 Bonnie Hunt 
 Michael Clarke Duncan 
 James Cromwell 
 Michael Jeter 
 Graham Greene 
 Doug Hutchison 
 Sam Rockwell 
 Barry Pepper 
 Jeffrey DeMunn 
 Patricia Clarkson 
 Harry Dean Stanton",David Tattersall,Richard Francis-Bruce,Thomas Newman,,"Warner Bros. [a]  (Select territories) 
 Universal Pictures [a]  (through  United International Pictures , select territories)",,189 minutes,,English,$60 million,$286.8 million [3],,,,,,
The Third Man,Carol Reed,Graham Greene,,"Carol Reed 
 Alexander Korda [1] 
 David O. Selznick","Joseph Cotten 
 Alida Valli 
 Orson Welles 
 Trevor Howard",Robert Krasker,Oswald Hafenrichter,Anton Karas,London Films,"British Lion Film Corporation   (UK) 
 Selznick Releasing Organization   (US)","1 September 1949 ( 1949-09-01 )  (United Kingdom [2] ) 
 2 February 1950 ( 1950-02-02 )  (United States)",108 minutes [3],,,,"£277,549 (UK) [5]",,,,,,
Les Diaboliques,Henri-Georges Clouzot,Henri-Georges Clouzot  Jérôme Géronimi,She Who Was No More  by  Boileau-Narcejac,Henri-Georges Clouzot     Georges Lourau,Simone Signoret  Véra Clouzot  Paul Meurisse  Charles Vanel,Armand Thirard,Madeleine Gug,Georges Van Parys,,Cinédis,"29 January 1955 ( 1955-01-29 )  (France) 
 21 November 1955 ( 1955-11-21 )  (US)","114 minutes  107 minutes (US, 1955)",,French,,,,,,,,
The Apartment,Billy Wilder,,,Billy Wilder,Jack Lemmon Shirley MacLaine Fred MacMurray Ray Walston Edie Adams,Joseph LaShelle,Daniel Mandell,Adolph Deutsch,The Mirisch Company,United Artists,"June 15, 1960 ( 1960-06-15 )  (NY) [1] 
 June 21, 1960 ( 1960-06-21 )  (LA) [1] 
 July 23, 1960 ( 1960-07-23 )  (London) [1]",125 minutes,,English,$3 million,$24.6 million [2],,,,,,
On the Waterfront,Elia Kazan,,,Sam Spiegel,"Marlon Brando 
 Karl Malden 
 Lee J. Cobb 
 Rod Steiger 
 Pat Henning 
 Eva Marie Saint",Boris Kaufman,Gene Milford,Leonard Bernstein,Horizon Pictures,Columbia Pictures Corporation,,108 minutes,,English,"$910,000",$9.6 million,,,,,,
Wild Strawberries,Ingmar Bergman,,,Allan Ekelund,Victor Sjöström Bibi Andersson Gunnar Björnstrand Ingrid Thulin Folke Sundquist Naima Wifstrand,Gunnar Fischer,Oscar Rosander,Erik Nordgren,,AB Svensk Filmindustri,,91 minutes,,Swedish,,,,,,,,
Persona,Ingmar Bergman,,,Ingmar Bergman,Bibi Andersson  Liv Ullmann,Sven Nykvist,Ulla Ryghe,Lars Johan Werle,AB Svensk Filmindustri,AB Svensk Filmindustri,,84 minutes [2],,Swedish,,"$250,000 (U.S.) [3]",,,,,,
The Night of the Hunter,Charles Laughton,James Agee,The Night of the Hunter  1953 novel  by  Davis Grubb,Paul Gregory,Robert Mitchum  Shelley Winters  Lillian Gish  Billy Chapin  Peter Graves,Stanley Cortez,Robert Golden,Walter Schumann,Paul Gregory Productions,United Artists,,92 minutes,,English,"$600,000",,,,,,,
Double indemnity (disambiguation),,,,,,,,,,,,,,,,,,,,,,
Citizen Kane,Orson Welles,"Herman J. Mankiewicz 
 Orson Welles",,Orson Welles,"Orson Welles 
 Joseph Cotten 
 Dorothy Comingore 
 Everett Sloane 
 Ray Collins 
 George Coulouris 
 Agnes Moorehead 
 Paul Stewart 
 Ruth Warrick 
 Erskine Sanford 
 William Alland",Gregg Toland,Robert Wise,Bernard Herrmann,,RKO Radio Pictures,"May 1, 1941 ( 1941-05-01 )  ( Palace Theatre ) 
 September 5, 1941 ( 1941-09-05 )  (United States)",119 minutes [1],,English,"$839,727 [2]",$1.8 million  (re-release) [3] [4],,,,,,
The Searchers,John Ford,Frank S. Nugent,The Searchers  1954 novel  by  Alan Le May,,"John Wayne 
 Jeffrey Hunter 
 Vera Miles 
 Ward Bond 
 Natalie Wood",Winton C. Hoch,Jack Murray,Max Steiner,C.V. Whitney Pictures,Warner Bros.,,119 minutes,,English,$3.75 million [2],,,,,,,
The 400 Blows,François Truffaut,,,"François Truffaut 
 Georges Charlot [1]","Jean-Pierre Léaud 
 Albert Rémy 
 Claire Maurier",Henri Decaë,Marie-Josèphe Yoyotte,Jean Constantin,Les Films du Carrosse,Cocinor,,99 minutes,,French,,$30.7 million [2],,,,,,
La Dolce Vita,Federico Fellini,"Federico Fellini 
 Ennio Flaiano 
 Tullio Pinelli 
 Brunello Rondi 
 Uncredited: 
 Pier Paolo Pasolini",,"Giuseppe Amato 
 Angelo Rizzoli","Marcello Mastroianni 
 Anita Ekberg 
 Anouk Aimée 
 Yvonne Furneaux 
 Alain Cuny 
 Annibale Ninchi 
 Magali Noël 
 Lex Barker 
 Jacques Sernas 
 Nadia Gray",Otello Martelli,Leo Catozzo,Nino Rota,,"Cineriz  (Italy) 
 Pathé (France)","5 February 1960 ( 1960-02-05 )  (Italy) 
 11 May 1960 ( 1960-05-11 )  (France) [1]",174 minutes,"Italy 
 France",,,"$19.5 million (US) 
 16.6 million tickets (Italy/France)",,,,,,
Bicycle Thieves,Vittorio De Sica,"Oreste Biancoli 
 Suso D'Amico 
 Vittorio De Sica 
 Adolfo Franci 
 Gherardo Gherardi 
 Gerardo Guerrieri 
 Cesare Zavattini",Bicycle Thieves  by  Luigi Bartolini,"Giuseppe Amato [1] 
 Vittorio De Sica [1]","Lamberto Maggiorani 
 Enzo Staiola 
 Lianella Carell",Carlo Montuori,Eraldo Da Roma,Alessandro Cicognini,Produzioni De Sica [2],Ente Nazionale Industrie Cinematografiche,,89 minutes,,Italian,"$133,000 [3]","$428,978 [4]",,,,,,
8½,Federico Fellini,"Federico Fellini 
 Tullio Pinelli 
 Ennio Flaiano 
 Brunello Rondi",,Angelo Rizzoli,"Marcello Mastroianni 
 Claudia Cardinale 
 Anouk Aimée 
 Sandra Milo 
 Rossella Falk 
 Barbara Steele 
 Guido Alberti",Gianni Di Venanzo,Leo Catozzo,Nino Rota,,"Cineriz (Italy) 
 Columbia Pictures  (France)",,138 minutes,"Italy 
 France [1]",Italian,,$3.5 million (rentals) [2],,,,,,
Battleship Potemkin,Sergei Eisenstein,,,Jacob Bliokh,"Aleksandr Antonov 
 Vladimir Barksy 
 Grigori Aleksandrov","Eduard Tisse 
 Vladimir Popov  (Uncredited)","Uncredited: 
 Sergei Eisenstein 
 Grigori Aleksandrov","Various, including   Edmund Meisel   (original 1925 score) 
 Nikolai Kryukov   (1950 score) 
 Chris Jarrett  (1985 soundtrack) 
 Eric Allaman   (1986 soundtrack) 
 Neil Tennant  and  Chris Lowe   (2005 score) 
 Michael Nyman   (2011 soundtrack) 
 Edison Studio   (2017 soundtrack)",Mosfilm,Goskino,,71 minutes,,,,,,,,,,
City Lights,Charlie Chaplin,,,Charlie Chaplin,"Charlie Chaplin 
 Virginia Cherrill 
 Florence Lee 
 Harry Myers 
 Al Ernest Garcia",Roland Totheroh  Gordon Pollock,"Charlie Chaplin 
 Willard Nico","Charlie Chaplin 
 Flower Girl's theme by  José Padilla [2] 
 Orchestrated by  Arthur Johnston  and  Alfred Newman",,United Artists,,87 minutes,,English,$1.5 million,$4.25 million (worldwide rentals) [3],,,,,,
Singin' in the Rain,"Stanley Donen 
 Gene Kelly",,,Arthur Freed,"Gene Kelly 
 Donald O'Connor 
 Debbie Reynolds 
 Jean Hagen 
 Millard Mitchell 
 Cyd Charisse",Harold Rosson,Adrienne Fazan,"Songs: 
 Nacio Herb Brown  (music) 
 Arthur Freed  (lyrics)",Metro-Goldwyn-Mayer,Loew's Inc.,"March 27, 1952 ( 1952-03-27 )  ( Radio City Music Hall ) 
 April 11, 1952 ( 1952-04-11 )  (United States)",103 minutes,,English,$2.54 million [1],$7.2 million [1],,,,,,
The Gold Rush,Charlie Chaplin,,,Charlie Chaplin,Charlie Chaplin  Georgia Hale  Mack Swain  Tom Murray  Malcolm Waite,Roland Totheroh,Charlie Chaplin,"(1942 re-release) Charlie Chaplin 
 Carli Elinor 
 Max Terr 
 James L. Fields",,United Artists,,"95 minutes (original)  72 minutes (24 fps, 1942 re-release)",,,"$923,000",$2.5 million (US/Canada) [1]  $4 million (worldwide) [2],,,,,,
The General,Clyde Bruckman  Buster Keaton,Al Boasberg  Clyde Bruckman  Buster Keaton  Charles Henry Smith  Paul Gerard Smith,The  Great Locomotive Chase  1863 memoir Union soldier   by  William Pittenger,Joseph Schenck  Buster Keaton,Buster Keaton  Marion Mack,Bert Haines  Devereaux Jennings,Buster Keaton  Sherman Kell,William P. Perry  (1926)  Carl Davis   (1987)  Robert Israel  (1995)  Baudime Jam   (1999)  Joe Hisaishi   (2004)  Timothy Brock   (2005)  Angelin Fonda  (2017),,United Artists,"December 31, 1926 ( 1926-12-31 ) [1]  (Tokyo)   February 5, 1927 ( 1927-02-05 )  (New York City)",75 minutes (8 reels)  (times vary with different versions),,,"$750,000",$1 million,,,,,,
The Rules of the Game,Jean Renoir,,,Claude Renoir,Nora Gregor Paulette Dubost Mila Parély Marcel Dalio Julien Carette Roland Toutain Gaston Modot Pierre Magnier Jean Renoir,Jean Bachelet,Marguerite Renoir,Joseph Kosma,Nouvelle Édition Française,Gaumont Film Company,,110 minutes,,French,"5,500,500  francs",,,,,,,
The Grand Illusion,,,,,,,,,,,,,,,,,"July 7, 1977",1977,Progressive rock hard rock,38 : 59,A&M,Styx
Sunset Boulevard,Billy Wilder,,,Charles Brackett,"William Holden 
 Gloria Swanson 
 Erich von Stroheim 
 Nancy Olson 
 Fred Clark 
 Lloyd Gough 
 Jack Webb",John F. Seitz,"Doane Harrison 
 Arthur Schmidt",Franz Waxman,Paramount Pictures,Paramount Pictures,,110 minutes,,English,$1.75 million,$5 million,,,,,,
Some Like It Hot,Billy Wilder,Billy Wilder I. A. L. Diamond,,Billy Wilder,Marilyn Monroe Tony Curtis Jack Lemmon George Raft Joe E. Brown Pat O'Brien,Charles Lang,Arthur P. Schmidt,Adolph Deutsch,Mirisch Company,United Artists,,121 minutes,,English,$2.9 million [2],$49 million [2],24 February 1998,,Soundtrack  Jazz,32 : 22,,
It's a Wonderful Life,Frank Capra,"Frances Goodrich 
 Albert Hackett 
 Frank Capra",The Greatest Gift  by  Philip Van Doren Stern,Frank Capra,"James Stewart 
 Donna Reed 
 Lionel Barrymore 
 Thomas Mitchell 
 Henry Travers 
 Beulah Bondi 
 Ward Bond 
 Frank Faylen 
 Gloria Grahame","Joseph Walker 
 Joseph Biroc",William Hornbeck,Dimitri Tiomkin,Liberty Films,RKO Radio Pictures,,131 minutes,,English,$3.18 million [N 1],$3.3 million [3],,,,,,
The Wizard of Oz,Victor Fleming,"Noel Langley 
 Florence Ryerson 
 Edgar Allan Woolf",The Wonderful Wizard of Oz  by  L. Frank Baum,Mervyn LeRoy,"Judy Garland 
 Frank Morgan 
 Ray Bolger 
 Bert Lahr 
 Jack Haley 
 Billie Burke 
 Margaret Hamilton 
 Charley Grapewin 
 The Munchkins",Harold Rosson,Blanche Sewell,Harold Arlen,Metro-Goldwyn-Mayer,"Loew's, Inc. [1]",,101 minutes [2],,English,$2.8 million [3] [4],$29.7 million,,,,,,
Modern Times,Charlie Chaplin,,,Charlie Chaplin,Charlie Chaplin      Paulette Goddard      Henry Bergman      Tiny Sandford      Chester Conklin,Ira H. Morgan     Roland Totheroh,Charlie Chaplin    Willard Nico,Charlie Chaplin,,United Artists,,87 minutes,,English,$1.5 million [1],$1.8 million (U.S. and Canada rentals) [2],,,,,,
City of God,"Fernando Meirelles 
 Kátia Lund",,City of God  by  Paulo Lins,"Andrea Barata Ribeiro 
 Maurício Andrade Ramos","Alexandre Rodrigues 
 Leandro Firmino 
 Alice Braga 
 Jonathan Haagensen 
 Phellipe Haagensen 
 Douglas Silva 
 Daniel Zettel 
 Seu Jorge",César Charlone,Daniel Rezende,"Antônio Pinto 
 Ed Cortês",,Globo Filmes  Miramax Films [1]  (through  Lumière Pictures [2] ),"18 May 2002 ( 2002-05-18 )  ( Cannes ) 
 30 August 2002 ( 2002-08-30 )  (Brazil)",130 minutes,,Portuguese,$3.3 million [3],$30.6 million [4],,,,,,
Full Metal Jacket,Stanley Kubrick,"Stanley Kubrick 
 Michael Herr 
 Gustav Hasford",The Short-Timers  by Gustav Hasford,Stanley Kubrick,"Matthew Modine 
 Adam Baldwin 
 Vincent D'Onofrio 
 Lee Ermey 
 Dorian Harewood 
 Arliss Howard 
 Kevyn Major Howard 
 Ed O'Ross",Douglas Milsome,Martin Hunter,Abigail Mead,,"Warner Bros. Pictures   (United States) 
 Columbia - Cannon -Warner Distributors  (United Kingdom)","June 17, 1987 ( 1987-06-17 )  ( Beverly Hills ) 
 June 26, 1987 ( 1987-06-26 )  (United States) 
 September 11, 1987 ( 1987-09-11 )  (United Kingdom)",116 minutes [1],"United Kingdom 
 United States [2]",English,$16.5–30 million [3] [4],$120 million [5],,,,,,
The Deer Hunter,Michael Cimino,Deric Washburn  Michael Cimino  (uncredited),,Barry Spikings Michael Deeley Michael Cimino John Peverall,Robert De Niro John Cazale John Savage Meryl Streep Christopher Walken,Vilmos Zsigmond,Peter Zinner  Michael Cimino  (uncredited),Stanley Myers,EMI,"Universal Pictures  (North America) 
 EMI Films  (International)","December 8, 1978 ( 1978-12-08 )  ( Los Angeles ) 
 February 23, 1979 ( 1979-02-23 )  (United States) 
 February 27, 1979 ( 1979-02-27 )  (United Kingdom)",184 minutes [1],United Kingdom  United States,,$15 million [2],$49 million [2],1990,1978,Film score,,Capitol,
Platoon,Oliver Stone,,,Arnold Kopelson,"Tom Berenger 
 Willem Dafoe 
 Charlie Sheen",Robert Richardson,Claire Simpson,Georges Delerue,Hemdale Film Corporation,Orion Pictures,,120 minutes [1],,English,$6 million [2],$138 million [2],,,,,,
The Last Emperor,Bernardo Bertolucci,"Mark Peploe 
 Bernardo Bertolucci",From Emperor to Citizen: The Autobiography of Aisin-Gioro Puyi  1960 autobiography  by  Puyi,Jeremy Thomas,"John Lone 
 Joan Chen 
 Peter O'Toole 
 Ying Ruocheng 
 Victor Wong 
 Dennis Dun 
 Vivian Wu 
 Ryuichi Sakamoto",Vittorio Storaro,Gabriella Cristiani,"Ryuichi Sakamoto 
 David Byrne 
 Cong Su",,Columbia Pictures,"4 October 1987 ( 1987-10-04 )  ( Tokyo ) 
 23 October 1987 ( 1987-10-23 )  (Italy) 
 26 February 1988 ( 1988-02-26 )  (United Kingdom)",163 minutes [1],"United Kingdom 
 Italy",,$23.8 million [2],$79 million [3],,,,,,
Saving Private Ryan,Steven Spielberg,,,"Steven Spielberg 
 Ian Bryce 
 Mark Gordon 
 Gary Levinsohn","Tom Hanks 
 Edward Burns 
 Matt Damon 
 Tom Sizemore",Janusz Kamiński,Michael Kahn,John Williams,,"DreamWorks Pictures 
 Paramount Pictures",,170 minutes,,English,$65–$70  million,$482.3  million [a],,,,,,
The Thin Red Line,Terrence Malick,Terrence Malick,The Thin Red Line  by  James Jones,"Robert Michael Geisler 
 Grant Hill 
 John Roberdeau","Sean Penn 
 Adrien Brody 
 Jim Caviezel 
 Ben Chaplin 
 George Clooney 
 John Cusack 
 Woody Harrelson 
 Elias Koteas 
 Nick Nolte 
 John C. Reilly 
 John Travolta",John Toll,"Billy Weber 
 Leslie Jones 
 Saar Klein",Hans Zimmer,,20th Century Fox,"December 25, 1998 ( 1998-12-25 )  (limited release) 
 January 15, 1999 ( 1999-01-15 )  (wide release)",171 minutes [1],,English,$52 million [2],$98.1 million [2],,,,,,
Apocalypse Now,Francis Ford Coppola [a],,,Francis Ford Coppola [a],"Marlon Brando 
 Robert Duvall 
 Martin Sheen 
 Frederic Forrest 
 Albert Hall 
 Sam Bottoms 
 Larry Fishburne 
 Dennis Hopper 
 Harrison Ford",Vittorio Storaro,"Richard Marks 
 Walter Murch 
 Gerald B. Greenberg 
 Lisa Fruchtman","Carmine Coppola 
 Francis Ford Coppola [a]",Omni Zoetrope,United Artists,"May 19, 1979 ( 1979-05-19 )  ( Cannes ) [1] 
 August 15, 1979 ( 1979-08-15 )  (United States)","147 minutes (70 mm) 
 153 minutes (35 mm) [2]",,English,$31 million [3],$100–150 million [4] [5],,,,,,
The Great Dictator,Charlie Chaplin,,,Charlie Chaplin,Charlie Chaplin Paulette Goddard Jack Oakie Henry Daniell Reginald Gardiner Billy Gilbert Maurice Moscovich,Karl Struss Roland Totheroh,Willard Nico Harold Rice,Charlie Chaplin Meredith Willson,Charles Chaplin Film Corporation,United Artists,,125 minutes [1],,English,$2.2 million [2],$5 million (worldwide rentals) [3],,,,,,
The Cabinet of Dr. Caligari,Robert Wiene,,,,"Werner Krauss 
 Conrad Veidt 
 Friedrich Fehér 
 Lil Dagover 
 Hans Heinz v. Twardowski 
 Rudolf Lettinger",Willy Hameister,,,Decla-Film  (later known as Decla-Bioscop AG),,,74 minutes,,,"$12,371 [a]","$4,713 [2]",,,,,,
The Birth of a Nation,D. W. Griffith,D. W. Griffith Frank E. Woods,The Clansman  by  Thomas Dixon Jr.,D. W. Griffith Harry Aitken [1],"Lillian Gish 
 Mae Marsh 
 Henry B. Walthall 
 Miriam Cooper 
 Ralph Lewis 
 George Siegmann 
 Walter Long",Billy Bitzer,D. W. Griffith,Joseph Carl Breil,David W. Griffith Corp.,Epoch Producing Co.,,12  reels     133–193 minutes [note 1] [2],,,"$100,000+ [3]",$50–100 million [4],,,,,,
The Grapes of Wrath,John Ford,Nunnally Johnson,The Grapes of Wrath  by  John Steinbeck,"Darryl F. Zanuck 
 Nunnally Johnson","Henry Fonda 
 Jane Darwell 
 John Carradine 
 Shirley Mills 
 John Qualen 
 Eddie Quillan",Gregg Toland,Robert L. Simpson,Alfred Newman,,20th Century Fox,,129 minutes,,English,"$800,000 [1]","$1,591,000  (rentals) [2]",,,,,,
Gone with the Wind,Victor Fleming,Sidney Howard,Gone with the Wind  by  Margaret Mitchell,David O. Selznick,"Clark Gable 
 Vivien Leigh 
 Leslie Howard 
 Olivia de Havilland",Ernest Haller,"Hal C. Kern 
 James E. Newcom",Max Steiner,,Loew's Inc. [1] [nb 1],,"221 minutes 
 234–238 minutes (with  overture ,  intermission ,  entr'acte , and exit music)",,English,$3.85 million,>$390 million,,,,,,
Casablanca,Michael Curtiz,"Julius J. Epstein 
 Philip G. Epstein 
 Howard Koch",Everybody Comes to Rick's  by   Murray Burnett Joan Alison,Hal B. Wallis,"Humphrey Bogart 
 Ingrid Bergman 
 Paul Henreid 
 Claude Rains 
 Conrad Veidt 
 Sydney Greenstreet 
 Peter Lorre [1]",Arthur Edeson,Owen Marks,Max Steiner,Warner Bros. Pictures,Warner Bros. Pictures,"November 26, 1942 ( 1942-11-26 )  ( Hollywood Theatre ) 
 January 23, 1943 ( 1943-01-23 )  (United States)",102 minutes [2],,English,"$878,000 [3] –$1 million [4] [5]",$3.7 [6] –6.9 million [4],,,,,,
Rebel Without a Cause,Nicholas Ray,Stewart Stern  Irving Shulman  (adaptation),,David Weisbart,James Dean  Natalie Wood  Sal Mineo  Jim Backus  Ann Doran  Corey Allen  William Hopper,Ernest Haller,William H. Ziegler,Leonard Rosenman,Warner Bros.,Warner Bros.,,111 minutes,,English,$1.5 million,$4.5 million  (US rentals) [2],,,,,,
Bonnie and Clyde,Arthur Penn,,,Warren Beatty,"Warren Beatty 
 Faye Dunaway 
 Michael J. Pollard 
 Gene Hackman 
 Estelle Parsons",Burnett Guffey,Dede Allen,Charles Strouse,Warner Bros. Pictures,Warner Bros.-Seven Arts,"August 4, 1967 ( 1967-08-04 )  ( Montreal ) 
 August 13, 1967 ( 1967-08-13 )  (United States)",111 minutes,,English,$2.5 million [1] [2],$70 million [2],,,,,,
Dr. Strangelove,Stanley Kubrick,"Stanley Kubrick 
 Terry Southern 
 Peter George",Red Alert  by Peter George,Stanley Kubrick,"Peter Sellers 
 George C. Scott 
 Sterling Hayden 
 Keenan Wynn 
 Slim Pickens 
 Tracy Reed",Gilbert Taylor,Anthony Harvey,Laurie Johnson,Hawk Films,Columbia Pictures,,94 minutes [1],"United Kingdom [2] [3] [4] [5] 
 United States [4] [5]",English,$1.8 million [6],$9.2 million [6],,,,,,
Easy Rider,Dennis Hopper,,,Peter Fonda,"Peter Fonda 
 Dennis Hopper 
 Jack Nicholson","László Kovács ,  Baird Bryant",Donn Cambern,,,Columbia Pictures,,96 minutes,,English,"$360,000–$400,000 [1]",$60 million [2],,,,,,
One Flew Over the Cuckoo's Nest,Miloš Forman,"Lawrence Hauben 
 Bo Goldman",One Flew Over the Cuckoo's Nest  by  Ken Kesey,"Saul Zaentz 
 Michael Douglas","Jack Nicholson 
 Louise Fletcher 
 William Redfield",Haskell Wexler Bill Butler,"Richard Chew 
 Lynzee Klingman 
 Sheldon Kahn",Jack Nitzsche,Fantasy Films,United Artists,,133 minutes,,English,$3–4.4 million [1] [2],$163.3 million [3],,,,,,
The French Lieutenant's Woman,Karel Reisz,,The French Lieutenant's Woman  by  John Fowles,Leon Clore,"Meryl Streep 
 Jeremy Irons 
 David Warner",Freddie Francis,John Bloom,Carl Davis,,United Artists,,127 minutes,,English,$8 million [1],"$26,890,068 [2]",,,,,,
The King's Speech,Tom Hooper,,,"Iain Canning 
 Emile Sherman 
 Gareth Unwin","Colin Firth 
 Geoffrey Rush 
 Helena Bonham Carter 
 Guy Pearce 
 Timothy Spall 
 Derek Jacobi 
 Jennifer Ehle 
 Michael Gambon 
 Claire Bloom",Danny Cohen,Tariq Anwar,Alexandre Desplat,,"Momentum Pictures (United Kingdom) 
 Paramount Pictures [1] [2]  and  Transmission Films [3]  (Australia)","6 September 2010 ( 2010-09-06 )  ( Telluride Film Festival ) 
 23 December 2010 ( 2010-12-23 )  (Australia) 
 7 January 2011 ( 2011-01-07 )  (United Kingdom)",119 minutes [4],United Kingdom [5] Australia [6],English,$15 million [7],$427.4 million [1],,,,,,
No Country for Old Men,Joel Coen  Ethan Coen,"Joel Coen 
 Ethan Coen",No Country for Old Men  by  Cormac McCarthy,"Scott Rudin 
 Ethan Coen 
 Joel Coen","Tommy Lee Jones 
 Javier Bardem 
 Josh Brolin",Roger Deakins,Roderick Jaynes [a],Carter Burwell,,"Miramax Films  (United States) 
 Paramount Vantage  (International)","May 19, 2007 ( 2007-05-19 )  ( Cannes ) 
 November 9, 2007 ( 2007-11-09 )  (United States)",122 minutes,,English,$25 million,$171.6 million,,,,,,
There Will Be Blood,Paul Thomas Anderson,Paul Thomas Anderson,Oil!  1927 novel  by  Upton Sinclair,"JoAnne Sellar 
 Paul Thomas Anderson 
 Daniel Lupi","Daniel Day-Lewis 
 Paul Dano 
 Kevin J. O'Connor 
 Ciarán Hinds 
 Dillon Freasier",Robert Elswit,Dylan Tichenor,Jonny Greenwood,,"Paramount Vantage  (United States) [2] 
 Miramax Films  (International) [3] [note 1]","September 27, 2007 ( 2007-09-27 )  ( Fantastic Fest ) 
 December 26, 2007 ( 2007-12-26 )  (United States)",158 minutes,,English,$25 million [2],$76.2 million [2],,,,,,
The Coal Miner's Daughter (film),,,,,,,,,,,,,,,,,,,,,,
In the Heat of the Night,Norman Jewison,Stirling Silliphant,In the Heat of the Night  by  John Ball,Walter Mirisch,"Sidney Poitier 
 Rod Steiger 
 Warren Oates 
 Lee Grant",Haskell Wexler,Hal Ashby,Quincy Jones,The Mirisch Corporation,United Artists,,110 minutes [1],,English,$2 million [2],$24.4 million [3],1967,1967,Film score,33 : 34,United Artists  UAL 4160/UAS 5160,
To Serve and Protect (film),,,,,,,,,,,,,,,,,,,,,,
The Station Agent,Tom McCarthy,,,Mary Jane Skalski  Robert May  Kathryn Tucker,Peter Dinklage  Patricia Clarkson  Bobby Cannavale  Raven Goodwin  Paul Benjamin  Michelle Williams,Oliver Bokelberg,Tom McArdle,Stephen Trask,,Miramax Films,"January 2003 ( 2003-01 )  (Sundance) [1] 
 October 3, 2003 ( 2003-10-03 )",90 minutes,,English,"$500,000",$8.7 million [2],,,,,,
The Dirty Dozen,Robert Aldrich,Nunnally Johnson  Lukas Heller,The Dirty Dozen  1965 novel  by  E. M. Nathanson,Kenneth Hyman,Lee Marvin  Ernest Borgnine  Charles Bronson  Jim Brown  John Cassavetes  Richard Jaeckel  George Kennedy  Trini Lopez  Ralph Meeker  Robert Ryan  Telly Savalas  Clint Walker  Robert Webber,Edward Scaife,Michael Luciano,Frank De Vol,Kenneth Hyman  Production,Metro-Goldwyn-Mayer,,150 minutes,United States  United Kingdom,,$5.4 million [1],$45.3 million [2],,,,,,
The Guns of Navarone,J. Lee Thompson,Carl Foreman,The Guns of Navarone  by  Alistair MacLean,Carl Foreman,"Gregory Peck 
 David Niven 
 Anthony Quinn 
 Stanley Baker 
 Anthony Quayle 
 Irene Papas 
 Gia Scala 
 James Darren",Oswald Morris,Alan Osbiston,Dimitri Tiomkin,Highroad Productions,Columbia Pictures,"27 April 1961 ( 1961-04-27 )  (London) 
 28 April 1961 ( 1961-04-28 )  (United Kingdom) 
 22 June 1961 ( 1961-06-22 )  (United States)",158 minutes,United Kingdom  United States,English,$6 million [1],$28.9 million [2],,,,,,
The Hunt for Red October,John McTiernan,"Larry Ferguson 
 Donald E. Stewart",The Hunt for Red October  by  Tom Clancy,Mace Neufeld,"Sean Connery 
 Alec Baldwin 
 Scott Glenn 
 James Earl Jones 
 Sam Neill",Jan de Bont,"Dennis Virkler 
 John Wright","Basil Poledouris ,  John Williams",,Paramount Pictures,,135 minutes [1],,,$30 million [2],$200.5 million,"June 12, 1990",,,29 : 48,MCA Records,
The Great Escape,John Sturges,"James Clavell 
 W. R. Burnett",The Great Escape  by  Paul Brickhill,John Sturges,"Steve McQueen 
 James Garner 
 Richard Attenborough",Daniel L. Fapp,Ferris Webster,Elmer Bernstein,The Mirisch Company,United Artists,"June 20, 1963 ( 1963-06-20 )  (London) 
 July 4, 1963 ( 1963-07-04 )  (United States)",172 minutes,,,$3.8 million [1],$11.7 million,,,,,,
Where Eagles Dare,Brian G. Hutton,Alistair MacLean,Where Eagles Dare  1967 novel  by Alistair MacLean,Elliott Kastner  Jerry Gershwin,"Richard Burton 
 Clint Eastwood 
 Mary Ure 
 Patrick Wymark 
 Michael Hordern",Arthur Ibbetson,John Jympson,Ron Goodwin,Winkast Film Productions,Metro-Goldwyn-Mayer,,155 minutes,United States  United Kingdom,English,$6.2 million [1] —$7.7 million [2],$21 million [3],4 January 2005,,Soundtracks  Film music,74 : 07,Film Score Monthly,Lukas Kendall
Tora! Tora! Tora!,American sequences  Richard Fleischer  Japanese sequences  Toshio Masuda  Kinji Fukasaku  Akira Kurosawa  (uncredited),American sequences  Larry Forrester  Japanese sequences  Hideo Oguni  Ryūzō Kikushima  Akira Kurosawa  (uncredited),"Tora! Tora! Tora!  by  Gordon W. Prange 
 The Broken Seal  by  Ladislas Farago",Elmo Williams,"Martin Balsam 
 So Yamamura 
 Joseph Cotten 
 Tatsuya Mihashi 
 E.G. Marshall 
 James Whitmore 
 Takahiro Tamura 
 Eijirō Tōno 
 Jason Robards",American sequences  Charles F. Wheeler  Japanese sequences  Shinsaku Himeda  Masamichi Satoh  Osamu Furuya,James E. Newcom  Pembroke J. Herring  Inoue Chikaya,Jerry Goldsmith,,20th Century Fox  (U.S.)  Toei Company (Japan),"23 September 1970 ( 1970-09-23 )  (U.S.) 
 25 September 1970 ( 1970-09-25 )  (Japan)",144 minutes,United States  Japan,,$25 million [1] [2],$37 million  (rentals) [3],,,,,,
The Longest Day,"British & French: 
 Ken Annakin 
 American: 
 Andrew Marton 
 German: 
 Bernhard Wicki","Cornelius Ryan 
 Romain Gary 
 James Jones 
 David Pursall 
 Jack Seddon",The Longest Day  by Cornelius Ryan,Darryl F. Zanuck,"John Wayne 
 Henry Fonda 
 Robert Mitchum 
 Sean Connery 
 Eddie Albert 
 Curd Jürgens 
 Richard Todd 
 Richard Burton 
 Peter Lawford 
 Rod Steiger 
 Irina Demick 
 Gert Fröbe 
 Edmond O'Brien 
 Kenneth More","Jean Bourgoin 
 Walter Wottitz",Samuel E. Beetley,Maurice Jarre,,20th Century Fox,"September 25, 1962 ( 1962-09-25 )  (France, U.S.) 
 October 4, 1962 ( 1962-10-04 )  (Canada) 
 October 23, 1962 ( 1962-10-23 )  (Germany, Mexico, UK)",178 minutes,,,$7.75 million [1],$50.1 million [2],,,,,,
The Bridge on the River Kwai,David Lean,"Carl Foreman 
 Michael Wilson",The Bridge over the River Kwai  by  Pierre Boulle,Sam Spiegel,"William Holden 
 Alec Guinness 
 Jack Hawkins 
 Sessue Hayakawa",Jack Hildyard,Peter Taylor,Malcolm Arnold,Horizon Pictures,Columbia Pictures,"2 October 1957 ( 1957-10-02 )  (London-premiere) 
 11 October 1957 ( 1957-10-11 )  (United Kingdom) 
 14 December 1957 ( 1957-12-14 )  (United States)",161 minutes,United Kingdom  United States [1],English,$2.8 million [2],$30.6 million [2],1957,21 October 1957,Soundtrack,44 : 49,Columbia,Various
Battle of Britain,Guy Hamilton,,,Harry Saltzman  Benjamin Fisz,Harry Andrews  Michael Caine  Trevor Howard  Curt Jürgens  Ian McShane  Kenneth More  Laurence Olivier  Nigel Patrick  Christopher Plummer  Michael Redgrave  Ralph Richardson  Robert Shaw  Patrick Wymark  Susannah York,Freddie Young,Bert Bates,Ron Goodwin  William Walton,Spitfire Productions,United Artists,,133 minutes,,,$14 million [1],$13 million,,,,,,
Memphis Belle,Michael Caton-Jones,,,"David Puttnam 
 Catherine Wyler","Matthew Modine 
 Eric Stoltz 
 Sean Astin 
 Harry Connick Jr. 
 Reed Edward Diamond 
 Tate Donovan 
 John Lithgow 
 D. B. Sweeney 
 Billy Zane 
 Courtney Gains 
 Neil Giuntoli",David Watkin,Jim Clark,George Fenton,,Warner Bros.,"7 September 1990 ( 1990-09-07 )  (United Kingdom) 
 12 October 1990 ( 1990-10-12 )  (United States)",107 minutes,"United Kingdom 
 United States",English,$23 million (estimated) [ citation needed ],$27 million (USA),1 October 1990,"Abbey Road Studios ,  CTS Studios, and  Angel Recording Studios ,  London, England",Soundtrack,42 : 47,Varèse Sarabande,"George Fenton 
 Eliza Thompson"
"Planes, Trains and",,,,,,,,,,,,,,,,,,,,,,
